confidence,description,domainelement_pk,frequency,id,jsondata,markup_description,name,pk,valueset_pk,word_pk
,StandardOrth,,,1-100-178-1,{},,mundo,42522,35002,39376
,StandardOrth,,,1-210-178-1,{},,terreno,42523,35003,38827
,StandardOrth,,,1-212-178-1,{},,solo,42524,35004,39616
,StandardOrth,,,1-212-178-3,{},,chão,42525,35004,38635
,StandardOrth,,,1-213-178-1,{},,pó,42526,35005,39325
,StandardOrth,,,1-214-178-1,{},,lama,42527,35006,39855
,StandardOrth,,,1-214-178-3,{},,lodo,42528,35006,38597
,StandardOrth,,,1-215-178-1,{},,areia,42529,35007,39302
,StandardOrth,,,1-220-178-1,{},,montanha,42530,35008,38819
,StandardOrth,,,1-220-178-3,{},,morro,42531,35008,39732
,StandardOrth,,,1-222-178-1,{},,penhasco,42532,35009,39552
,StandardOrth,,,1-222-178-3,{},,precipício,42533,35009,38710
,StandardOrth,,,1-230-178-1,{},,campo,42534,35010,38889
,StandardOrth,,,1-230-178-3,{},,planície,42535,35010,39625
,StandardOrth,,,1-230-178-5,{},,savannah,42536,35010,40055
,StandardOrth,,,1-240-178-1,{},,vale,42537,35011,39443
,StandardOrth,,,1-250-178-1,{},,ilha,42538,35012,38797
,StandardOrth,,,1-260-178-1,{},,terra firme,42539,35013,39635
,StandardOrth,,,1-270-178-1,{},,margem,42540,35014,39481
,StandardOrth,,,1-270-178-3,{},,costa,42541,35014,39287
,StandardOrth,,,1-270-178-5,{},,praia,42542,35014,40040
,StandardOrth,,,1-280-178-1,{},,caverna,42543,35015,40008
,StandardOrth,,,1-280-178-3,{},,gruta,42544,35015,39813
,StandardOrth,,,1-310-178-1,{},,água,42545,35016,40077
,StandardOrth,,,1-320-178-1,{},,mar,42546,35017,39091
,StandardOrth,,,1-322-178-1,{},,calma,42547,35018,39486
,StandardOrth,,,1-322-178-3,{},,calmaria,42548,35018,39575
,StandardOrth,,,1-323-178-1,{},,tempestuoso,42549,35019,39416
,StandardOrth,,,1-324-178-1,{},,espuma,42550,35020,38603
,StandardOrth,,,1-329-178-1,{},,oceano,42551,35021,38583
,StandardOrth,,,1-330-178-1,{},,lago,42552,35022,38951
,StandardOrth,,,1-340-178-1,{},,baía,42553,35023,40050
,StandardOrth,,,1-341-178-1,{},,laguna,42554,35024,39211
,StandardOrth,,,1-342-178-1,{},,recife,42555,35025,39216
,StandardOrth,,,1-343-178-1,{},,cabo,42556,35026,39739
,StandardOrth,,,1-343-178-3,{},,promontório,42557,35026,39082
,StandardOrth,,,1-350-178-1,{},,onda,42558,35027,40052
,StandardOrth,,,1-352-178-1,{},,maré,42559,35028,39871
,StandardOrth,,,1-353-178-1,{},,maré baixa,42560,35029,39745
,StandardOrth,,,1-353-178-3,{},,maré vazia,42561,35029,39417
,StandardOrth,,,1-354-178-1,{},,maré alta,42562,35030,39458
,StandardOrth,,,1-354-178-3,{},,preamar,42563,35030,39273
,StandardOrth,,,1-354-178-5,{},,praiamar,42564,35030,39964
,StandardOrth,,,1-360-178-1,{},,rio,42565,35031,39664
,StandardOrth,,,1-360-178-3,{},,riacho,42566,35031,39220
,StandardOrth,,,1-360-178-5,{},,córrego,42567,35031,39647
,StandardOrth,,,1-362-178-1,{},,remoinho,42568,35032,38721
,StandardOrth,,,1-362-178-3,{},,redemoinho,42569,35032,39710
,StandardOrth,,,1-370-178-1,{},,nascente,42570,35033,39133
,StandardOrth,,,1-370-178-3,{},,poço,42571,35033,39751
,StandardOrth,,,1-380-178-1,{},,pântano,42572,35034,39833
,StandardOrth,,,1-380-178-3,{},,pantanal,42573,35034,39361
,StandardOrth,,,1-390-178-1,{},,cachoeira,42574,35035,39410
,StandardOrth,,,1-390-178-3,{},,cascata,42575,35035,38835
,StandardOrth,,,1-410-178-1,{},,bosque,42576,35036,39405
,StandardOrth,,,1-410-178-3,{},,floresta,42577,35036,39670
,StandardOrth,,,1-420-178-1,{},,árvore,42578,35037,39560
,StandardOrth,,,1-430-178-1,{},,madeira,42579,35038,38779
,StandardOrth,,,1-440-178-1,{},,pedra,42580,35039,38573
,StandardOrth,,,1-440-178-3,{},,calhau,42581,35039,38788
,StandardOrth,,,1-440-178-5,{},,rocha,42582,35039,39924
,StandardOrth,,,1-450-178-1,{},,terremoto,42583,35040,39371
,StandardOrth,,,1-510-178-1,{},,céu,42584,35041,38936
,StandardOrth,,,1-520-178-1,{},,sol,42585,35042,38944
,StandardOrth,,,1-530-178-1,{},,lua,42586,35043,39989
,StandardOrth,,,1-540-178-1,{},,estrela,42587,35044,40043
,StandardOrth,,,1-550-178-1,{},,relâmpago,42588,35045,39190
,StandardOrth,,,1-560-178-1,{},,trovão,42589,35046,39946
,StandardOrth,,,1-570-178-1,{},,raio,42590,35047,38880
,StandardOrth,,,1-580-178-1,{},,tempestade,42591,35048,39340
,StandardOrth,,,1-590-178-1,{},,arco-íris,42592,35049,39171
,StandardOrth,,,1-610-178-1,{},,luz,42593,35050,39988
,StandardOrth,,,1-620-178-1,{},,escuridão,42594,35051,39561
,StandardOrth,,,1-630-178-1,{},,sombra,42595,35052,39660
,StandardOrth,,,1-640-178-1,{},,orvalho,42596,35053,38837
,StandardOrth,,,1-710-178-1,{},,ar,42597,35054,39377
,StandardOrth,,,1-720-178-1,{},,vento,42598,35055,38671
,StandardOrth,,,1-730-178-1,{},,nuvem,42599,35056,39930
,StandardOrth,,,1-740-178-1,{},,nevoeiro,42600,35057,38666
,StandardOrth,,,1-740-178-3,{},,névoa,42601,35057,39031
,StandardOrth,,,1-750-178-1,{},,chuva,42602,35058,39224
,StandardOrth,,,1-760-178-1,{},,neve,42603,35059,38923
,StandardOrth,,,1-770-178-1,{},,gelo,42604,35060,39605
,StandardOrth,,,1-780-178-1,{},,tempo,42605,35061,39903
,StandardOrth,,,1-810-178-1,{},,fogo,42606,35062,38588
,StandardOrth,,,1-820-178-1,{},,chama,42607,35063,40100
,StandardOrth,,,1-830-178-1,{},,fumaça,42608,35064,39581
,StandardOrth,,,1-840-178-1,{},,cinzas,42609,35065,39841
,StandardOrth,,,1-841-178-1,{},,brasas,42610,35066,39994
,StandardOrth,,,1-851-178-1,{},,queimar,42611,35067,40013
,StandardOrth,,,1-851-178-3,{},,incendiar,42612,35067,39834
,StandardOrth,,,1-852-178-1,{},,queimar,42613,35068,40013
,StandardOrth,,,1-852-178-3,{},,arder,42614,35068,39284
,StandardOrth,,,1-860-178-1,{},,acender,42615,35069,39451
,StandardOrth,,,1-860-178-3,{},,atear,42616,35069,39630
,StandardOrth,,,1-861-178-1,{},,extinguir,42617,35070,39540
,StandardOrth,,,1-870-178-1,{},,fósforo,42618,35071,38868
,StandardOrth,,,1-880-178-1,{},,lenha,42619,35072,39835
,StandardOrth,,,1-890-178-1,{},,carvão,42620,35073,39957
,StandardOrth,,,2-100-178-1,{},,pessoa,42621,35074,39251
,StandardOrth,,,2-100-178-3,{},,ser humano,42622,35074,39449
,StandardOrth,,,2-210-178-1,{},,homem,42623,35075,40027
,StandardOrth,,,2-220-178-1,{},,mulher,42624,35076,39128
,StandardOrth,,,2-230-178-1,{},,macho,42625,35077,39009
,StandardOrth,,,2-240-178-1,{},,fêmea,42626,35078,39218
,StandardOrth,,,2-250-178-1,{},,menino,42627,35079,39825
,StandardOrth,,,2-250-178-3,{},,garoto,42628,35079,39247
,StandardOrth,,,2-251-178-1,{},,jovem,42629,35080,38793
,StandardOrth,,,2-251-178-3,{},,rapaz,42630,35080,39404
,StandardOrth,,,2-260-178-1,{},,menina,42631,35081,39822
,StandardOrth,,,2-260-178-3,{},,garota,42632,35081,39246
,StandardOrth,,,2-261-178-1,{},,jovem,42633,35082,38793
,StandardOrth,,,2-261-178-3,{},,moça,42634,35082,39001
,StandardOrth,,,2-270-178-1,{},,criança,42635,35083,38698
,StandardOrth,,,2-270-178-3,{},,menino,42636,35083,39825
,StandardOrth,,,2-280-178-1,{},,bebê,42637,35084,39008
,StandardOrth,,,2-280-178-3,{},,nenê,42638,35084,40075
,StandardOrth,,,2-310-178-1,{},,marido,42639,35085,38623
,StandardOrth,,,2-320-178-1,{},,esposa,42640,35086,38955
,StandardOrth,,,2-320-178-3,{},,mulher,42641,35086,39128
,StandardOrth,,,2-330-178-1,{},,casar,42642,35087,38665
,StandardOrth,,,2-340-178-1,{},,matrimônio,42643,35088,39814
,StandardOrth,,,2-340-178-3,{},,casamento,42644,35088,38577
,StandardOrth,,,2-341-178-1,{},,divórcio,42645,35089,39094
,StandardOrth,,,2-350-178-1,{},,pai,42646,35090,39276
,StandardOrth,,,2-360-178-1,{},,mãe,42647,35091,39306
,StandardOrth,,,2-370-178-1,{},,pais,42648,35092,39182
,StandardOrth,,,2-380-178-1,{},,casado,42649,35093,39857
,StandardOrth,,,2-390-178-1,{},,casada,42650,35094,39859
,StandardOrth,,,2-410-178-1,{},,filho,42651,35095,39631
,StandardOrth,,,2-420-178-1,{},,filha,42652,35096,39632
,StandardOrth,,,2-430-178-1,{},,filhos,42653,35097,40107
,StandardOrth,,,2-430-178-3,{},,prole,42654,35097,40126
,StandardOrth,,,2-440-178-1,{},,irmão,42655,35098,40049
,StandardOrth,,,2-444-178-1,{},,irmão mais velho,42656,35099,39976
,StandardOrth,,,2-445-178-1,{},,irmão mais novo,42657,35100,38850
,StandardOrth,,,2-450-178-1,{},,irmã,42658,35101,39319
,StandardOrth,,,2-454-178-1,{},,irmã mais velha,42659,35102,39062
,StandardOrth,,,2-455-178-1,{},,irmã mais nova,42660,35103,38764
,StandardOrth,,,2-456-178-1,{},,irmão,42661,35104,40049
,StandardOrth,,,2-456-178-3,{},,irmã,42662,35104,39319
,StandardOrth,,,2-458-178-1,{},,gêmeos,42663,35105,39542
,StandardOrth,,,2-460-178-1,{},,avô,42664,35106,40135
,StandardOrth,,,2-461-178-1,{},,velho,42665,35107,39403
,StandardOrth,,,2-470-178-1,{},,avó,42666,35108,40134
,StandardOrth,,,2-471-178-1,{},,velha,42667,35109,39407
,StandardOrth,,,2-480-178-1,{},,neto,42668,35110,38663
,StandardOrth,,,2-490-178-1,{},,neta,42669,35111,38667
,StandardOrth,,,2-510-178-1,{},,tio,42670,35112,38982
,StandardOrth,,,2-511-178-1,{},,irmão,42671,35113,40049
,StandardOrth,,,2-512-178-1,{},,irmão,42672,35114,40049
,StandardOrth,,,2-520-178-1,{},,tia,42673,35115,39219
,StandardOrth,,,2-521-178-1,{},,irmã,42674,35116,39319
,StandardOrth,,,2-522-178-1,{},,irmã,42675,35117,39319
,StandardOrth,,,2-530-178-1,{},,sobrinho,42676,35118,39456
,StandardOrth,,,2-540-178-1,{},,sobrinha,42677,35119,39457
,StandardOrth,,,2-550-178-1,{},,primo/ prima,42678,35120,38669
,StandardOrth,,,2-560-178-1,{},,antepassados,42679,35121,38864
,StandardOrth,,,2-560-178-3,{},,ancestrais,42680,35121,39318
,StandardOrth,,,2-570-178-1,{},,descendentes,42681,35122,39574
,StandardOrth,,,2-610-178-1,{},,sogro,42682,35123,39085
,StandardOrth,,,2-611-178-1,{},,sogro,42683,35124,39085
,StandardOrth,,,2-620-178-1,{},,sogra,42684,35125,39845
,StandardOrth,,,2-621-178-1,{},,sogra,42685,35126,39845
,StandardOrth,,,2-630-178-1,{},,genro,42686,35127,39619
,StandardOrth,,,2-631-178-1,{},,genro,42687,35128,39619
,StandardOrth,,,2-640-178-1,{},,nora,42688,35129,39408
,StandardOrth,,,2-641-178-1,{},,nora,42689,35130,39408
,StandardOrth,,,2-710-178-1,{},,padrasto,42690,35131,39910
,StandardOrth,,,2-720-178-1,{},,madrasta,42691,35132,38882
,StandardOrth,,,2-730-178-1,{},,enteado,42692,35133,39309
,StandardOrth,,,2-740-178-1,{},,enteada,42693,35134,39645
,StandardOrth,,,2-750-178-1,{},,órfão/ órfã,42694,35135,38839
,StandardOrth,,,2-760-178-1,{},,viúva,42695,35136,39856
,StandardOrth,,,2-770-178-1,{},,viúvo,42696,35137,39858
,StandardOrth,,,2-810-178-1,{},,parentes,42697,35138,39674
,StandardOrth,,,2-820-178-1,{},,família,42698,35139,40132
,StandardOrth,,,2-910-178-1,{},,eu,42699,35140,39129
,StandardOrth,,,2-920-178-1,{},,tu,42700,35141,39406
,StandardOrth,,,2-920-178-3,{},,você,42701,35141,39145
,StandardOrth,,,2-930-178-1,{},,ele/ela/ele (ou ela),42702,35142,39892
,StandardOrth,,,2-940-178-1,{},,nós,42703,35143,38743
,StandardOrth,,,2-941-178-1,{},,nós,42704,35144,38743
,StandardOrth,,,2-942-178-1,{},,nós,42705,35145,38743
,StandardOrth,,,2-950-178-1,{},,vocês,42706,35146,39469
,StandardOrth,,,2-950-178-3,{},,vós,42707,35146,39113
,StandardOrth,,,2-960-178-1,{},,eles,42708,35147,39681
,StandardOrth,,,2-960-178-3,{},,elas,42709,35147,39194
,StandardOrth,,,3-110-178-1,{},,animal,42710,35148,39861
,StandardOrth,,,3-110-178-3,{},,bicho,42711,35148,39914
,StandardOrth,,,3-120-178-1,{},,masculino,42712,35149,39791
,StandardOrth,,,3-130-178-1,{},,feminino,42713,35150,38962
,StandardOrth,,,3-150-178-1,{},,gado,42714,35151,38912
,StandardOrth,,,3-160-178-1,{},,pasto,42715,35152,40090
,StandardOrth,,,3-160-178-3,{},,pastagem,42716,35152,38999
,StandardOrth,,,3-180-178-1,{},,pastor,42717,35153,39750
,StandardOrth,,,3-190-178-1,{},,cocheira,42718,35154,38696
,StandardOrth,,,3-190-178-3,{},,estábulo,42719,35154,39080
,StandardOrth,,,3-200-178-1,{},,gado,42720,35155,38912
,StandardOrth,,,3-210-178-1,{},,touro,42721,35156,39397
,StandardOrth,,,3-220-178-1,{},,boi,42722,35157,39048
,StandardOrth,,,3-230-178-1,{},,vaca,42723,35158,39943
,StandardOrth,,,3-240-178-1,{},,bezerro,42724,35159,39440
,StandardOrth,,,3-250-178-1,{},,ovelha,42725,35160,38861
,StandardOrth,,,3-260-178-1,{},,carneiro,42726,35161,39902
,StandardOrth,,,3-280-178-1,{},,ovelha,42727,35162,38861
,StandardOrth,,,3-290-178-1,{},,cordeiro,42728,35163,39576
,StandardOrth,,,3-320-178-1,{},,barrão/ varrão,42729,35164,38843
,StandardOrth,,,3-340-178-1,{},,porca,42730,35165,39837
,StandardOrth,,,3-350-178-1,{},,porco,42731,35166,39832
,StandardOrth,,,3-360-178-1,{},,cabra,42732,35167,39132
,StandardOrth,,,3-370-178-1,{},,bode,42733,35168,39815
,StandardOrth,,,3-380-178-1,{},,cabrito,42734,35169,38641
,StandardOrth,,,3-410-178-1,{},,cavalo,42735,35170,39789
,StandardOrth,,,3-420-178-1,{},,garanhão,42736,35171,39201
,StandardOrth,,,3-440-178-1,{},,égua,42737,35172,40095
,StandardOrth,,,3-450-178-1,{},,potro,42738,35173,39283
,StandardOrth,,,3-460-178-1,{},,asno,42739,35174,39131
,StandardOrth,,,3-460-178-3,{},,burro,42740,35174,39362
,StandardOrth,,,3-470-178-1,{},,mulo/ mula,42741,35175,39965
,StandardOrth,,,3-500-178-1,{},,ave,42742,35176,40033
,StandardOrth,,,3-520-178-1,{},,galo,42743,35177,39565
,StandardOrth,,,3-540-178-1,{},,galinha,42744,35178,38932
,StandardOrth,,,3-550-178-1,{},,frango,42745,35179,38572
,StandardOrth,,,3-560-178-1,{},,ganso,42746,35180,39546
,StandardOrth,,,3-570-178-1,{},,pato,42747,35181,38606
,StandardOrth,,,3-580-178-1,{},,ninho,42748,35182,39286
,StandardOrth,,,3-581-178-1,{},,pássaro,42749,35183,38953
,StandardOrth,,,3-581-178-3,{},,ave,42750,35183,40033
,StandardOrth,,,3-582-178-1,{},,gaivota,42751,35184,40060
,StandardOrth,,,3-583-178-1,{},,garça,42752,35185,40058
,StandardOrth,,,3-584-178-1,{},,águia,42753,35186,39579
,StandardOrth,,,3-585-178-1,{},,falcão,42754,35187,38646
,StandardOrth,,,3-586-178-1,{},,urubu,42755,35188,39499
,StandardOrth,,,3-586-178-3,{},,abutre,42756,35188,39199
,StandardOrth,,,3-591-178-1,{},,morcego,42757,35189,39468
,StandardOrth,,,3-592-178-1,{},,papagaio,42758,35190,39759
,StandardOrth,,,3-593-178-1,{},,corvo,42759,35191,39700
,StandardOrth,,,3-594-178-1,{},,pomba,42760,35192,39874
,StandardOrth,,,3-596-178-1,{},,mocho,42761,35193,38939
,StandardOrth,,,3-596-178-3,{},,coruja,42762,35193,39908
,StandardOrth,,,3-610-178-1,{},,cão,42763,35194,39936
,StandardOrth,,,3-610-178-3,{},,cachorro,42764,35194,39482
,StandardOrth,,,3-614-178-1,{},,coelho,42765,35195,38659
,StandardOrth,,,3-620-178-1,{},,gato,42766,35196,38644
,StandardOrth,,,3-622-178-1,{},,sarigüê,42767,35197,39589
,StandardOrth,,,3-622-178-3,{},,gambá,42768,35197,38968
,StandardOrth,,,3-630-178-1,{},,rato,42769,35198,39428
,StandardOrth,,,3-630-178-3,{},,camundongo,42770,35198,39919
,StandardOrth,,,3-630-178-5,{},,ratinho,42771,35198,39702
,StandardOrth,,,3-650-178-1,{},,peixe,42772,35199,38798
,StandardOrth,,,3-652-178-1,{},,barbatana,42773,35200,39610
,StandardOrth,,,3-653-178-1,{},,escama,42774,35201,39075
,StandardOrth,,,3-654-178-1,{},,guelra,42775,35202,39609
,StandardOrth,,,3-654-178-3,{},,brânquia,42776,35202,39462
,StandardOrth,,,3-655-178-1,{},,concha,42777,35203,39880
,StandardOrth,,,3-661-178-1,{},,tubarão,42778,35204,38781
,StandardOrth,,,3-662-178-1,{},,delfim,42779,35205,40137
,StandardOrth,,,3-662-178-3,{},,golfinho,42780,35205,39122
,StandardOrth,,,3-663-178-1,{},,baleia,42781,35206,38574
,StandardOrth,,,3-664-178-1,{},,raia,42782,35207,38877
,StandardOrth,,,3-664-178-3,{},,arraia,42783,35207,38695
,StandardOrth,,,3-665-178-1,{},,enguia,42784,35208,39038
,StandardOrth,,,3-710-178-1,{},,lobo,42785,35209,39975
,StandardOrth,,,3-720-178-1,{},,leão,42786,35210,40020
,StandardOrth,,,3-730-178-1,{},,urso,42787,35211,39810
,StandardOrth,,,3-740-178-1,{},,raposa,42788,35212,39071
,StandardOrth,,,3-750-178-1,{},,veado,42789,35213,39757
,StandardOrth,,,3-760-178-1,{},,macaco,42790,35214,39081
,StandardOrth,,,3-770-178-1,{},,elefante,42791,35215,39238
,StandardOrth,,,3-780-178-1,{},,camelo,42792,35216,40094
,StandardOrth,,,3-810-178-1,{},,inseto,42793,35217,39177
,StandardOrth,,,3-811-178-1,{},,piolho,42794,35218,39460
,StandardOrth,,,3-812-178-1,{},,lêndea,42795,35219,38980
,StandardOrth,,,3-813-178-1,{},,pulga,42796,35220,38873
,StandardOrth,,,3-814-178-1,{},,centopeia,42797,35221,39162
,StandardOrth,,,3-815-178-1,{},,escorpião,42798,35222,39977
,StandardOrth,,,3-816-178-1,{},,barata,42799,35223,38680
,StandardOrth,,,3-817-178-1,{},,formiga,42800,35224,39707
,StandardOrth,,,3-818-178-1,{},,aranha,42801,35225,38790
,StandardOrth,,,3-819-178-1,{},,teia de aranha,42802,35226,39144
,StandardOrth,,,3-820-178-1,{},,abelha,42803,35227,39916
,StandardOrth,,,3-821-178-1,{},,cera,42804,35228,39817
,StandardOrth,,,3-822-178-1,{},,colmeia,42805,35229,39524
,StandardOrth,,,3-823-178-1,{},,vespa,42806,35230,39257
,StandardOrth,,,3-830-178-1,{},,mosca,42807,35231,39381
,StandardOrth,,,3-831-178-1,{},,mosquito,42808,35232,38918
,StandardOrth,,,3-832-178-1,{},,mosquito,42809,35233,38918
,StandardOrth,,,3-840-178-1,{},,verme,42810,35234,39752
,StandardOrth,,,3-840-178-3,{},,lombriga,42811,35234,39766
,StandardOrth,,,3-850-178-1,{},,cobra,42812,35235,39191
,StandardOrth,,,3-910-178-1,{},,pirilampo,42813,35236,38672
,StandardOrth,,,3-910-178-3,{},,vaga-lume,42814,35236,38753
,StandardOrth,,,3-920-178-1,{},,borboleta,42815,35237,40085
,StandardOrth,,,3-930-178-1,{},,gafanhoto,42816,35238,39334
,StandardOrth,,,3-940-178-1,{},,caracol,42817,35239,39118
,StandardOrth,,,3-950-178-1,{},,rã,42818,35240,38607
,StandardOrth,,,3-960-178-1,{},,lagarto,42819,35241,39119
,StandardOrth,,,3-970-178-1,{},,jacaré,42820,35242,39470
,StandardOrth,,,3-980-178-1,{},,tartaruga,42821,35243,39492
,StandardOrth,,,4-110-178-1,{},,corpo,42822,35244,39006
,StandardOrth,,,4-120-178-1,{},,pele,42823,35245,39013
,StandardOrth,,,4-120-178-3,{},,couro,42824,35245,39488
,StandardOrth,,,4-130-178-1,{},,carne,42825,35246,39583
,StandardOrth,,,4-140-178-1,{},,cabelo,42826,35247,39051
,StandardOrth,,,4-142-178-1,{},,barba,42827,35248,39497
,StandardOrth,,,4-144-178-1,{},,cabelo,42828,35249,39051
,StandardOrth,,,4-144-178-3,{},,pêlo,42829,35249,39986
,StandardOrth,,,4-145-178-1,{},,pêlo púbico,42830,35250,39352
,StandardOrth,,,4-146-178-1,{},,caspa,42831,35251,38938
,StandardOrth,,,4-150-178-1,{},,sangue,42832,35252,39839
,StandardOrth,,,4-151-178-1,{},,veia,42833,35253,40138
,StandardOrth,,,4-151-178-3,{},,artéria,42834,35253,39786
,StandardOrth,,,4-160-178-1,{},,osso,42835,35254,39198
,StandardOrth,,,4-162-178-1,{},,costela,42836,35255,39396
,StandardOrth,,,4-170-178-1,{},,chifre,42837,35256,39904
,StandardOrth,,,4-170-178-3,{},,corno,42838,35256,38744
,StandardOrth,,,4-180-178-1,{},,cauda,42839,35257,39582
,StandardOrth,,,4-180-178-3,{},,rabo,42840,35257,39879
,StandardOrth,,,4-190-178-1,{},,costas,42841,35258,39141
,StandardOrth,,,4-191-178-1,{},,espinha dorsal,42842,35259,39461
,StandardOrth,,,4-200-178-1,{},,cabeça,42843,35260,38852
,StandardOrth,,,4-201-178-1,{},,fonte,42844,35261,38692
,StandardOrth,,,4-201-178-3,{},,têmpora,42845,35261,39331
,StandardOrth,,,4-202-178-1,{},,crânio,42846,35262,39176
,StandardOrth,,,4-202-178-3,{},,caveira,42847,35262,40110
,StandardOrth,,,4-203-178-1,{},,cérebro,42848,35263,38994
,StandardOrth,,,4-203-178-3,{},,miolos,42849,35263,38732
,StandardOrth,,,4-204-178-1,{},,rosto,42850,35264,39152
,StandardOrth,,,4-205-178-1,{},,testa,42851,35265,40071
,StandardOrth,,,4-205-178-3,{},,fronte,42852,35265,38576
,StandardOrth,,,4-207-178-1,{},,maxila,42853,35266,38984
,StandardOrth,,,4-208-178-1,{},,bochecha,42854,35267,39452
,StandardOrth,,,4-209-178-1,{},,queixo,42855,35268,39709
,StandardOrth,,,4-210-178-1,{},,olho,42856,35269,39193
,StandardOrth,,,4-212-178-1,{},,sobrancelha,42857,35270,39367
,StandardOrth,,,4-213-178-1,{},,pálpebra,42858,35271,38664
,StandardOrth,,,4-214-178-1,{},,pestana,42859,35272,39737
,StandardOrth,,,4-214-178-3,{},,cílio,42860,35272,40004
,StandardOrth,,,4-215-178-1,{},,pestanejar,42861,35273,39520
,StandardOrth,,,4-220-178-1,{},,orelha,42862,35274,39876
,StandardOrth,,,4-221-178-1,{},,lóbulo,42863,35275,39025
,StandardOrth,,,4-222-178-1,{},,cerume,42864,35276,38904
,StandardOrth,,,4-222-178-3,{},,cera,42865,35276,39817
,StandardOrth,,,4-230-178-1,{},,nariz,42866,35277,39844
,StandardOrth,,,4-231-178-1,{},,narina,42867,35278,39715
,StandardOrth,,,4-232-178-1,{},,muco,42868,35279,38847
,StandardOrth,,,4-240-178-1,{},,boca,42869,35280,39024
,StandardOrth,,,4-241-178-1,{},,bico,42870,35281,39506
,StandardOrth,,,4-250-178-1,{},,lábio,42871,35282,38765
,StandardOrth,,,4-260-178-1,{},,língua,42872,35283,38778
,StandardOrth,,,4-270-178-1,{},,dente,42873,35284,38825
,StandardOrth,,,4-271-178-1,{},,gengiva,42874,35285,39668
,StandardOrth,,,4-272-178-1,{},,molar,42875,35286,39797
,StandardOrth,,,4-280-178-1,{},,pescoço,42876,35287,39489
,StandardOrth,,,4-281-178-1,{},,nuca,42877,35288,39464
,StandardOrth,,,4-290-178-1,{},,garganta,42878,35289,39393
,StandardOrth,,,4-300-178-1,{},,ombro,42879,35290,40025
,StandardOrth,,,4-301-178-1,{},,omoplata,42880,35291,39806
,StandardOrth,,,4-302-178-1,{},,clavícula,42881,35292,38751
,StandardOrth,,,4-310-178-1,{},,braço,42882,35293,38991
,StandardOrth,,,4-312-178-1,{},,axila,42883,35294,40046
,StandardOrth,,,4-312-178-3,{},,sovaco,42884,35294,40048
,StandardOrth,,,4-320-178-1,{},,cotovelo,42885,35295,40091
,StandardOrth,,,4-321-178-1,{},,pulso,42886,35296,38590
,StandardOrth,,,4-330-178-1,{},,mão,42887,35297,39308
,StandardOrth,,,4-331-178-1,{},,palma de mão,42888,35298,39697
,StandardOrth,,,4-340-178-1,{},,dedo,42889,35299,39516
,StandardOrth,,,4-342-178-1,{},,polegar,42890,35300,38947
,StandardOrth,,,4-344-178-1,{},,unha,42891,35301,38762
,StandardOrth,,,4-345-178-1,{},,garra,42892,35302,38725
,StandardOrth,,,4-350-178-1,{},,perna,42893,35303,39771
,StandardOrth,,,4-351-178-1,{},,coxa,42894,35304,40018
,StandardOrth,,,4-352-178-1,{},,barriga da perna,42895,35305,39290
,StandardOrth,,,4-360-178-1,{},,joelho,42896,35306,39296
,StandardOrth,,,4-370-178-1,{},,pé,42897,35307,39677
,StandardOrth,,,4-371-178-1,{},,tornozelo,42898,35308,39106
,StandardOrth,,,4-372-178-1,{},,calcanhar,42899,35309,39300
,StandardOrth,,,4-374-178-1,{},,pegada,42900,35310,38584
,StandardOrth,,,4-380-178-1,{},,dedo do pé,42901,35311,39021
,StandardOrth,,,4-392-178-1,{},,asa,42902,35312,39533
,StandardOrth,,,4-393-178-1,{},,pena,42903,35313,39512
,StandardOrth,,,4-400-178-1,{},,peito,42904,35314,38800
,StandardOrth,,,4-410-178-1,{},,seio,42905,35315,40123
,StandardOrth,,,4-410-178-3,{},,mama,42906,35315,39549
,StandardOrth,,,4-412-178-1,{},,mamilo,42907,35316,39036
,StandardOrth,,,4-412-178-3,{},,teta,42908,35316,39780
,StandardOrth,,,4-420-178-1,{},,úbere,42909,35317,38854
,StandardOrth,,,4-430-178-1,{},,umbigo,42910,35318,39847
,StandardOrth,,,4-440-178-1,{},,coração,42911,35319,39189
,StandardOrth,,,4-441-178-1,{},,pulmão,42912,35320,39821
,StandardOrth,,,4-450-178-1,{},,fígado,42913,35321,39744
,StandardOrth,,,4-451-178-1,{},,rim,42914,35322,39665
,StandardOrth,,,4-452-178-1,{},,baço,42915,35323,39997
,StandardOrth,,,4-460-178-1,{},,estômago,42916,35324,39596
,StandardOrth,,,4-460-178-3,{},,barriga,42917,35324,39200
,StandardOrth,,,4-461-178-1,{},,intestinos,42918,35325,39098
,StandardOrth,,,4-461-178-3,{},,tripas,42919,35325,39992
,StandardOrth,,,4-462-178-1,{},,cintura,42920,35326,39722
,StandardOrth,,,4-463-178-1,{},,quadril,42921,35327,38755
,StandardOrth,,,4-463-178-3,{},,anca,42922,35327,39183
,StandardOrth,,,4-463-178-5,{},,cadeira,42923,35327,39314
,StandardOrth,,,4-464-178-1,{},,nádegas,42924,35328,38759
,StandardOrth,,,4-470-178-1,{},,útero,42925,35329,38611
,StandardOrth,,,4-470-178-3,{},,ventre,42926,35329,39378
,StandardOrth,,,4-490-178-1,{},,testículo,42927,35330,39521
,StandardOrth,,,4-492-178-1,{},,pênis,42928,35331,39239
,StandardOrth,,,4-510-178-1,{},,respirar,42929,35332,39125
,StandardOrth,,,4-510-178-3,{},,respiração,42930,35332,38998
,StandardOrth,,,4-520-178-1,{},,bocejar,42931,35333,39369
,StandardOrth,,,4-521-178-1,{},,soluço,42932,35334,38719
,StandardOrth,,,4-530-178-1,{},,tossir,42933,35335,39888
,StandardOrth,,,4-540-178-1,{},,espirrar,42934,35336,39130
,StandardOrth,,,4-550-178-1,{},,suar,42935,35337,38859
,StandardOrth,,,4-550-178-3,{},,transpirar,42936,35337,38699
,StandardOrth,,,4-560-178-1,{},,cuspir,42937,35338,38822
,StandardOrth,,,4-570-178-1,{},,vomitar,42938,35339,38567
,StandardOrth,,,4-580-178-1,{},,morder,42939,35340,39181
,StandardOrth,,,4-590-178-1,{},,lamber,42940,35341,39229
,StandardOrth,,,4-591-178-1,{},,babar,42941,35342,38818
,StandardOrth,,,4-610-178-1,{},,dormir,42942,35343,39359
,StandardOrth,,,4-612-178-1,{},,roncar,42943,35344,39084
,StandardOrth,,,4-612-178-3,{},,ressonar,42944,35344,38846
,StandardOrth,,,4-620-178-1,{},,sonhar,42945,35345,40037
,StandardOrth,,,4-630-178-1,{},,acordar,42946,35346,38569
,StandardOrth,,,4-640-178-1,{},,peido,42947,35347,39720
,StandardOrth,,,4-650-178-1,{},,urinar,42948,35348,39544
,StandardOrth,,,4-660-178-1,{},,defecar,42949,35349,40065
,StandardOrth,,,4-670-178-1,{},,ter relações sexuais,42950,35350,39345
,StandardOrth,,,4-680-178-1,{},,tiritar,42951,35351,39343
,StandardOrth,,,4-680-178-3,{},,tremer,42952,35351,38691
,StandardOrth,,,4-690-178-1,{},,tomar banho,42953,35352,38716
,StandardOrth,,,4-710-178-1,{},,gerar,42954,35353,38728
,StandardOrth,,,4-710-178-3,{},,emprenhar,42955,35353,38772
,StandardOrth,,,4-720-178-1,{},,nascer,42956,35354,38591
,StandardOrth,,,4-730-178-1,{},,grávida,42957,35355,38637
,StandardOrth,,,4-730-178-3,{},,prenhe,42958,35355,39151
,StandardOrth,,,4-732-178-1,{},,conceber,42959,35356,39043
,StandardOrth,,,4-740-178-1,{},,viver,42960,35357,39316
,StandardOrth,,,4-740-178-3,{},,vivo/a,42961,35357,39563
,StandardOrth,,,4-740-178-5,{},,vida,42962,35357,40063
,StandardOrth,,,4-750-178-1,{},,morrer,42963,35358,40081
,StandardOrth,,,4-750-178-3,{},,morto,42964,35358,39480
,StandardOrth,,,4-751-178-1,{},,afogado,42965,35359,38803
,StandardOrth,,,4-760-178-1,{},,matar,42966,35360,38707
,StandardOrth,,,4-770-178-1,{},,cadáver,42967,35361,39711
,StandardOrth,,,4-780-178-1,{},,enterrar,42968,35362,38898
,StandardOrth,,,4-790-178-1,{},,túmulo,42969,35363,39108
,StandardOrth,,,4-790-178-3,{},,sepultura,42970,35363,39734
,StandardOrth,,,4-810-178-1,{},,forte,42971,35364,38709
,StandardOrth,,,4-810-178-3,{},,poderoso,42972,35364,38989
,StandardOrth,,,4-820-178-1,{},,débil,42973,35365,39680
,StandardOrth,,,4-820-178-3,{},,fraco,42974,35365,40012
,StandardOrth,,,4-830-178-1,{},,bem,42975,35366,39932
,StandardOrth,,,4-830-178-3,{},,saúde,42976,35366,39052
,StandardOrth,,,4-830-178-5,{},,são,42977,35366,39184
,StandardOrth,,,4-840-178-1,{},,doente,42978,35367,38832
,StandardOrth,,,4-840-178-3,{},,doença,42979,35367,39522
,StandardOrth,,,4-841-178-1,{},,febre,42980,35368,39099
,StandardOrth,,,4-842-178-1,{},,papo,42981,35369,39767
,StandardOrth,,,4-842-178-3,{},,papeira,42982,35369,39005
,StandardOrth,,,4-843-178-1,{},,resfriado,42983,35370,38908
,StandardOrth,,,4-843-178-3,{},,gripe,42984,35370,38752
,StandardOrth,,,4-850-178-1,{},,ferida,42985,35371,38593
,StandardOrth,,,4-850-178-3,{},,chaga,42986,35371,39028
,StandardOrth,,,4-852-178-1,{},,ferimento,42987,35372,38625
,StandardOrth,,,4-853-178-1,{},,inchação,42988,35373,38872
,StandardOrth,,,4-854-178-1,{},,comichão,42989,35374,39178
,StandardOrth,,,4-854-178-3,{},,coceira,42990,35374,39089
,StandardOrth,,,4-855-178-1,{},,empola,42991,35375,39872
,StandardOrth,,,4-855-178-3,{},,bolha,42992,35375,38648
,StandardOrth,,,4-856-178-1,{},,furúnculo,42993,35376,39104
,StandardOrth,,,4-857-178-1,{},,pus,42994,35377,39534
,StandardOrth,,,4-858-178-1,{},,cicatriz,42995,35378,40073
,StandardOrth,,,4-860-178-1,{},,sarar,42996,35379,38624
,StandardOrth,,,4-860-178-3,{},,curar,42997,35379,39453
,StandardOrth,,,4-870-178-1,{},,médico,42998,35380,39186
,StandardOrth,,,4-880-178-1,{},,medicamento,42999,35381,39959
,StandardOrth,,,4-880-178-3,{},,remédio,43000,35381,39812
,StandardOrth,,,4-890-178-1,{},,veneno,43001,35382,38841
,StandardOrth,,,4-910-178-1,{},,cansado,43002,35383,40007
,StandardOrth,,,4-910-178-3,{},,estafado,43003,35383,39442
,StandardOrth,,,4-912-178-1,{},,descansar,43004,35384,38833
,StandardOrth,,,4-920-178-1,{},,preguiçoso,43005,35385,38874
,StandardOrth,,,4-930-178-1,{},,calvo,43006,35386,38638
,StandardOrth,,,4-940-178-1,{},,coxo,43007,35387,40017
,StandardOrth,,,4-950-178-1,{},,surdo,43008,35388,38596
,StandardOrth,,,4-960-178-1,{},,mudo,43009,35389,40098
,StandardOrth,,,4-970-178-1,{},,cego,43010,35390,39288
,StandardOrth,,,4-980-178-1,{},,embriagado,43011,35391,38888
,StandardOrth,,,4-990-178-1,{},,despido,43012,35392,39003
,StandardOrth,,,4-990-178-3,{},,nu,43013,35392,39323
,StandardOrth,,,5-110-178-1,{},,comer,43014,35393,39241
,StandardOrth,,,5-120-178-1,{},,alimento,43015,35394,38769
,StandardOrth,,,5-121-178-1,{},,cozinhado,43016,35395,39703
,StandardOrth,,,5-121-178-3,{},,cozido,43017,35395,38900
,StandardOrth,,,5-122-178-1,{},,cru,43018,35396,39598
,StandardOrth,,,5-123-178-1,{},,maduro,43019,35397,38705
,StandardOrth,,,5-124-178-1,{},,verde,43020,35398,39187
,StandardOrth,,,5-124-178-3,{},,imaturo,43021,35398,39180
,StandardOrth,,,5-125-178-1,{},,podre,43022,35399,39412
,StandardOrth,,,5-130-178-1,{},,beber,43023,35400,39161
,StandardOrth,,,5-130-178-3,{},,tomar,43024,35400,39588
,StandardOrth,,,5-140-178-1,{},,estar com fome,43025,35401,38687
,StandardOrth,,,5-141-178-1,{},,fome,43026,35402,39724
,StandardOrth,,,5-150-178-1,{},,sede,43027,35403,38651
,StandardOrth,,,5-160-178-1,{},,chupar,43028,35404,39214
,StandardOrth,,,5-160-178-3,{},,sugar,43029,35404,38785
,StandardOrth,,,5-180-178-1,{},,mastigar,43030,35405,39940
,StandardOrth,,,5-180-178-3,{},,mascar,43031,35405,39100
,StandardOrth,,,5-181-178-1,{},,tragar,43032,35406,39836
,StandardOrth,,,5-181-178-3,{},,engolir,43033,35406,39762
,StandardOrth,,,5-190-178-1,{},,sufocar,43034,35407,39854
,StandardOrth,,,5-210-178-1,{},,cozinhar,43035,35408,39807
,StandardOrth,,,5-220-178-1,{},,ferver,43036,35409,40034
,StandardOrth,,,5-230-178-1,{},,assar,43037,35410,39795
,StandardOrth,,,5-230-178-3,{},,fritar,43038,35410,39127
,StandardOrth,,,5-230-178-5,{},,frigir,43039,35410,39513
,StandardOrth,,,5-240-178-1,{},,cozer no forno,43040,35411,39311
,StandardOrth,,,5-250-178-1,{},,forno,43041,35412,39018
,StandardOrth,,,5-260-178-1,{},,panela,43042,35413,38966
,StandardOrth,,,5-270-178-1,{},,chaleira,43043,35414,40029
,StandardOrth,,,5-280-178-1,{},,panela,43044,35415,38966
,StandardOrth,,,5-310-178-1,{},,prato,43045,35416,38600
,StandardOrth,,,5-320-178-1,{},,prato,43046,35417,38600
,StandardOrth,,,5-330-178-1,{},,bacia,43047,35418,39966
,StandardOrth,,,5-330-178-3,{},,tigela,43048,35418,39439
,StandardOrth,,,5-340-178-1,{},,cântaro,43049,35419,39749
,StandardOrth,,,5-350-178-1,{},,xícara,43050,35420,39228
,StandardOrth,,,5-350-178-3,{},,chávena,43051,35420,39727
,StandardOrth,,,5-350-178-5,{},,copo,43052,35420,39157
,StandardOrth,,,5-360-178-1,{},,pires,43053,35421,40038
,StandardOrth,,,5-370-178-1,{},,colher,43054,35422,40127
,StandardOrth,,,5-380-178-1,{},,faca,43055,35423,39962
,StandardOrth,,,5-390-178-1,{},,garfo,43056,35424,39012
,StandardOrth,,,5-391-178-1,{},,pinça,43057,35425,39794
,StandardOrth,,,5-410-178-1,{},,refeição,43058,35426,38722
,StandardOrth,,,5-420-178-1,{},,café da manhã,43059,35427,39112
,StandardOrth,,,5-420-178-3,{},,pequeno-almoço,43060,35427,39669
,StandardOrth,,,5-430-178-1,{},,almoço,43061,35428,38916
,StandardOrth,,,5-440-178-1,{},,jantar,43062,35429,38836
,StandardOrth,,,5-450-178-1,{},,jantar,43063,35430,38836
,StandardOrth,,,5-450-178-3,{},,ceia,43064,35430,38787
,StandardOrth,,,5-460-178-1,{},,descascar,43065,35431,39360
,StandardOrth,,,5-470-178-1,{},,peneira,43066,35432,39015
,StandardOrth,,,5-470-178-3,{},,coador,43067,35432,39602
,StandardOrth,,,5-470-178-5,{},,coar,43068,35432,39501
,StandardOrth,,,5-480-178-1,{},,raspar,43069,35433,39978
,StandardOrth,,,5-490-178-1,{},,misturar,43070,35434,39146
,StandardOrth,,,5-490-178-3,{},,mexer,43071,35434,38985
,StandardOrth,,,5-510-178-1,{},,pão,43072,35435,38571
,StandardOrth,,,5-530-178-1,{},,massa,43073,35436,39173
,StandardOrth,,,5-540-178-1,{},,amassar,43074,35437,39819
,StandardOrth,,,5-550-178-1,{},,farinha,43075,35438,39974
,StandardOrth,,,5-560-178-1,{},,esmagar,43076,35439,40003
,StandardOrth,,,5-560-178-3,{},,moer,43077,35439,39041
,StandardOrth,,,5-570-178-1,{},,moinho,43078,35440,39245
,StandardOrth,,,5-580-178-1,{},,morteiro,43079,35441,40096
,StandardOrth,,,5-590-178-1,{},,mão de pilão,43080,35442,39617
,StandardOrth,,,5-590-178-3,{},,almofariz,43081,35442,39608
,StandardOrth,,,5-610-178-1,{},,carne,43082,35443,39583
,StandardOrth,,,5-630-178-1,{},,linguiça,43083,35444,38858
,StandardOrth,,,5-630-178-3,{},,chouriço,43084,35444,39364
,StandardOrth,,,5-640-178-1,{},,sopa,43085,35445,40041
,StandardOrth,,,5-640-178-3,{},,caldo,43086,35445,38647
,StandardOrth,,,5-650-178-1,{},,legumes,43087,35446,39158
,StandardOrth,,,5-650-178-3,{},,verduras,43088,35446,38849
,StandardOrth,,,5-660-178-1,{},,feijão,43089,35447,40108
,StandardOrth,,,5-700-178-1,{},,batata,43090,35448,39640
,StandardOrth,,,5-710-178-1,{},,fruta,43091,35449,39611
,StandardOrth,,,5-712-178-1,{},,ramo,43092,35450,40001
,StandardOrth,,,5-712-178-3,{},,cacho,43093,35450,39970
,StandardOrth,,,5-750-178-1,{},,figo,43094,35451,38580
,StandardOrth,,,5-760-178-1,{},,uva,43095,35452,39508
,StandardOrth,,,5-770-178-1,{},,noz,43096,35453,39120
,StandardOrth,,,5-780-178-1,{},,azeitona,43097,35454,39694
,StandardOrth,,,5-790-178-1,{},,azeite,43098,35455,39809
,StandardOrth,,,5-790-178-3,{},,óleo,43099,35455,39431
,StandardOrth,,,5-791-178-1,{},,gordura,43100,35456,39784
,StandardOrth,,,5-810-178-1,{},,sal,43101,35457,39164
,StandardOrth,,,5-820-178-1,{},,pimenta,43102,35458,39675
,StandardOrth,,,5-821-178-1,{},,malagueta,43103,35459,39818
,StandardOrth,,,5-840-178-1,{},,mel,43104,35460,38816
,StandardOrth,,,5-850-178-1,{},,açúcar,43105,35461,39601
,StandardOrth,,,5-860-178-1,{},,leite,43106,35462,39402
,StandardOrth,,,5-870-178-1,{},,ordenhar,43107,35463,39235
,StandardOrth,,,5-880-178-1,{},,queijo,43108,35464,39741
,StandardOrth,,,5-890-178-1,{},,manteiga,43109,35465,38960
,StandardOrth,,,5-900-178-1,{},,bebida,43110,35466,39215
,StandardOrth,,,5-910-178-1,{},,mulso,43111,35467,38758
,StandardOrth,,,5-910-178-3,{},,hidromel,43112,35467,39147
,StandardOrth,,,5-920-178-1,{},,vinho,43113,35468,39027
,StandardOrth,,,5-930-178-1,{},,cerveja,43114,35469,39354
,StandardOrth,,,5-940-178-1,{},,bebida fermentada,43115,35470,38768
,StandardOrth,,,5-970-178-1,{},,ovo,43116,35471,38656
,StandardOrth,,,5-971-178-1,{},,gema,43117,35472,39691
,StandardOrth,,,6-110-178-1,{},,vestir,43118,35473,39793
,StandardOrth,,,6-120-178-1,{},,roupa,43119,35474,38925
,StandardOrth,,,6-130-178-1,{},,alfaiate,43120,35475,39792
,StandardOrth,,,6-210-178-1,{},,tecido,43121,35476,39156
,StandardOrth,,,6-210-178-3,{},,pano,43122,35476,39509
,StandardOrth,,,6-220-178-1,{},,lã,43123,35477,38708
,StandardOrth,,,6-230-178-1,{},,linho,43124,35478,38602
,StandardOrth,,,6-240-178-1,{},,algodão,43125,35479,39206
,StandardOrth,,,6-250-178-1,{},,seda,43126,35480,38653
,StandardOrth,,,6-270-178-1,{},,feltro,43127,35481,39485
,StandardOrth,,,6-280-178-1,{},,pele,43128,35482,39013
,StandardOrth,,,6-290-178-1,{},,couro,43129,35483,39488
,StandardOrth,,,6-310-178-1,{},,fiar,43130,35484,39535
,StandardOrth,,,6-320-178-1,{},,fuso,43131,35485,38883
,StandardOrth,,,6-330-178-1,{},,tecer,43132,35486,38851
,StandardOrth,,,6-340-178-1,{},,tear,43133,35487,39017
,StandardOrth,,,6-350-178-1,{},,costurar,43134,35488,38929
,StandardOrth,,,6-360-178-1,{},,agulha,43135,35489,39597
,StandardOrth,,,6-370-178-1,{},,sovela,43136,35490,38855
,StandardOrth,,,6-380-178-1,{},,linha,43137,35491,38605
,StandardOrth,,,6-380-178-3,{},,fio,43138,35491,38679
,StandardOrth,,,6-390-178-1,{},,corante,43139,35492,39210
,StandardOrth,,,6-390-178-3,{},,tingir,43140,35492,39701
,StandardOrth,,,6-410-178-1,{},,capa,43141,35493,38911
,StandardOrth,,,6-410-178-3,{},,manto,43142,35493,40087
,StandardOrth,,,6-411-178-1,{},,poncho,43143,35494,38700
,StandardOrth,,,6-411-178-3,{},,capa,43144,35494,38911
,StandardOrth,,,6-420-178-1,{},,vestido,43145,35495,39014
,StandardOrth,,,6-430-178-1,{},,casaco,43146,35496,39772
,StandardOrth,,,6-440-178-1,{},,camisa,43147,35497,38838
,StandardOrth,,,6-450-178-1,{},,colarinho,43148,35498,39559
,StandardOrth,,,6-460-178-1,{},,saia,43149,35499,39961
,StandardOrth,,,6-461-178-1,{},,saia de palha/capin,43150,35500,39829
,StandardOrth,,,6-480-178-1,{},,calças,43151,35501,40149
,StandardOrth,,,6-490-178-1,{},,meia,43152,35502,39594
,StandardOrth,,,6-490-178-3,{},,peúga,43153,35502,39498
,StandardOrth,,,6-510-178-1,{},,sapato,43154,35503,38821
,StandardOrth,,,6-520-178-1,{},,bota,43155,35504,39626
,StandardOrth,,,6-540-178-1,{},,sapateiro,43156,35505,38907
,StandardOrth,,,6-550-178-1,{},,chapéu,43157,35506,40093
,StandardOrth,,,6-550-178-3,{},,gorro,43158,35506,39153
,StandardOrth,,,6-550-178-5,{},,boina,43159,35506,39386
,StandardOrth,,,6-570-178-1,{},,cinto,43160,35507,38824
,StandardOrth,,,6-580-178-1,{},,luva,43161,35508,39060
,StandardOrth,,,6-590-178-1,{},,véu,43162,35509,40080
,StandardOrth,,,6-610-178-1,{},,bolso,43163,35510,38917
,StandardOrth,,,6-620-178-1,{},,botão,43164,35511,39801
,StandardOrth,,,6-630-178-1,{},,alfinete,43165,35512,39313
,StandardOrth,,,6-710-178-1,{},,adorno,43166,35513,39022
,StandardOrth,,,6-710-178-3,{},,enfeite,43167,35513,38618
,StandardOrth,,,6-720-178-1,{},,jóia,43168,35514,39285
,StandardOrth,,,6-730-178-1,{},,anel,43169,35515,39221
,StandardOrth,,,6-740-178-1,{},,bracelete,43170,35516,39202
,StandardOrth,,,6-740-178-3,{},,pulseira,43171,35516,39387
,StandardOrth,,,6-750-178-1,{},,colar,43172,35517,39931
,StandardOrth,,,6-760-178-1,{},,contas,43173,35518,39222
,StandardOrth,,,6-760-178-3,{},,miçanga,43174,35518,38890
,StandardOrth,,,6-770-178-1,{},,brinco,43175,35519,39796
,StandardOrth,,,6-780-178-1,{},,fita para cabeça,43176,35520,39921
,StandardOrth,,,6-790-178-1,{},,tatuagem,43177,35521,39840
,StandardOrth,,,6-810-178-1,{},,lenço,43178,35522,39933
,StandardOrth,,,6-810-178-3,{},,trapo,43179,35522,39293
,StandardOrth,,,6-820-178-1,{},,toalha,43180,35523,38615
,StandardOrth,,,6-910-178-1,{},,pente,43181,35524,39315
,StandardOrth,,,6-920-178-1,{},,escova,43182,35525,38685
,StandardOrth,,,6-921-178-1,{},,trança,43183,35526,39016
,StandardOrth,,,6-930-178-1,{},,navalha de barba,43184,35527,39475
,StandardOrth,,,6-940-178-1,{},,ungüento,43185,35528,39327
,StandardOrth,,,6-950-178-1,{},,sabão,43186,35529,39395
,StandardOrth,,,6-960-178-1,{},,espelho,43187,35530,39705
,StandardOrth,,,7-110-178-1,{},,morar,43188,35531,38614
,StandardOrth,,,7-110-178-3,{},,residir,43189,35531,39679
,StandardOrth,,,7-120-178-1,{},,casa,43190,35532,39259
,StandardOrth,,,7-130-178-1,{},,cabana,43191,35533,39272
,StandardOrth,,,7-131-178-1,{},,casa de jardim,43192,35534,38967
,StandardOrth,,,7-140-178-1,{},,tenda,43193,35535,39713
,StandardOrth,,,7-140-178-3,{},,barraca,43194,35535,39621
,StandardOrth,,,7-150-178-1,{},,quintal,43195,35536,39204
,StandardOrth,,,7-150-178-3,{},,pátio,43196,35536,39471
,StandardOrth,,,7-160-178-1,{},,casa de homens,43197,35537,39753
,StandardOrth,,,7-170-178-1,{},,cozinha,43198,35538,39026
,StandardOrth,,,7-180-178-1,{},,casa de reunião,43199,35539,39046
,StandardOrth,,,7-210-178-1,{},,quarto,43200,35540,40139
,StandardOrth,,,7-210-178-3,{},,peça,43201,35540,38701
,StandardOrth,,,7-220-178-1,{},,porta,43202,35541,39330
,StandardOrth,,,7-220-178-3,{},,portão,43203,35541,39335
,StandardOrth,,,7-221-178-1,{},,umbral,43204,35542,39949
,StandardOrth,,,7-221-178-3,{},,ombreira da porta,43205,35542,39590
,StandardOrth,,,7-230-178-1,{},,fechadura,43206,35543,39432
,StandardOrth,,,7-230-178-3,{},,cadeado,43207,35543,39086
,StandardOrth,,,7-231-178-1,{},,trinco,43208,35544,39207
,StandardOrth,,,7-240-178-1,{},,chave,43209,35545,39138
,StandardOrth,,,7-250-178-1,{},,janela,43210,35546,39999
,StandardOrth,,,7-260-178-1,{},,chão,43211,35547,38635
,StandardOrth,,,7-260-178-3,{},,soalho,43212,35547,39539
,StandardOrth,,,7-270-178-1,{},,parede,43213,35548,40112
,StandardOrth,,,7-310-178-1,{},,lareira,43214,35549,39010
,StandardOrth,,,7-320-178-1,{},,fogão,43215,35550,39866
,StandardOrth,,,7-330-178-1,{},,chaminé,43216,35551,39652
,StandardOrth,,,7-370-178-1,{},,escada,43217,35552,39867
,StandardOrth,,,7-420-178-1,{},,cama,43218,35553,38776
,StandardOrth,,,7-421-178-1,{},,almofada,43219,35554,39382
,StandardOrth,,,7-421-178-3,{},,travesseiro,43220,35554,39570
,StandardOrth,,,7-422-178-1,{},,cobertor,43221,35555,39493
,StandardOrth,,,7-430-178-1,{},,cadeira,43222,35556,39314
,StandardOrth,,,7-440-178-1,{},,mesa,43223,35557,38654
,StandardOrth,,,7-450-178-1,{},,candeeiro,43224,35558,39217
,StandardOrth,,,7-450-178-3,{},,tocha,43225,35558,38678
,StandardOrth,,,7-460-178-1,{},,vela,43226,35559,39803
,StandardOrth,,,7-470-178-1,{},,prateleira,43227,35560,40106
,StandardOrth,,,7-480-178-1,{},,gamela,43228,35561,38901
,StandardOrth,,,7-510-178-1,{},,telhado,43229,35562,39894
,StandardOrth,,,7-510-178-3,{},,teto,43230,35562,39779
,StandardOrth,,,7-520-178-1,{},,palha,43231,35563,39527
,StandardOrth,,,7-520-178-3,{},,colmo,43232,35563,38810
,StandardOrth,,,7-520-178-5,{},,sapé,43233,35563,39203
,StandardOrth,,,7-530-178-1,{},,espinhaço,43234,35564,39905
,StandardOrth,,,7-530-178-3,{},,ombreira,43235,35564,38634
,StandardOrth,,,7-540-178-1,{},,viga,43236,35565,38610
,StandardOrth,,,7-540-178-3,{},,barrote,43237,35565,39942
,StandardOrth,,,7-550-178-1,{},,viga,43238,35566,38610
,StandardOrth,,,7-550-178-3,{},,trave,43239,35566,39926
,StandardOrth,,,7-560-178-1,{},,poste,43240,35567,39020
,StandardOrth,,,7-560-178-3,{},,vara,43241,35567,38668
,StandardOrth,,,7-570-178-1,{},,tábua,43242,35568,39538
,StandardOrth,,,7-580-178-1,{},,arco,43243,35569,38655
,StandardOrth,,,7-610-178-1,{},,pedreiro,43244,35570,38988
,StandardOrth,,,7-620-178-1,{},,tijolo,43245,35571,39945
,StandardOrth,,,7-630-178-1,{},,argamassa,43246,35572,39166
,StandardOrth,,,7-640-178-1,{},,adobe,43247,35573,38694
,StandardOrth,,,8-110-178-1,{},,lavrador,43248,35574,39878
,StandardOrth,,,8-110-178-3,{},,fazendeiro,43249,35574,39756
,StandardOrth,,,8-120-178-1,{},,campo,43250,35575,38889
,StandardOrth,,,8-130-178-1,{},,jardim,43251,35576,39172
,StandardOrth,,,8-130-178-3,{},,horta,43252,35576,39266
,StandardOrth,,,8-150-178-1,{},,cultivar,43253,35577,40044
,StandardOrth,,,8-160-178-1,{},,cerca,43254,35578,38804
,StandardOrth,,,8-170-178-1,{},,fosso,43255,35579,39577
,StandardOrth,,,8-170-178-3,{},,canal,43256,35579,39740
,StandardOrth,,,8-170-178-5,{},,vala,43257,35579,39441
,StandardOrth,,,8-210-178-1,{},,arar,43258,35580,38906
,StandardOrth,,,8-212-178-1,{},,sulco,43259,35581,40150
,StandardOrth,,,8-220-178-1,{},,cavar,43260,35582,39952
,StandardOrth,,,8-220-178-3,{},,escavar,43261,35582,39267
,StandardOrth,,,8-230-178-1,{},,pá,43262,35583,39339
,StandardOrth,,,8-240-178-1,{},,pá,43263,35584,39339
,StandardOrth,,,8-250-178-1,{},,enxada,43264,35585,40104
,StandardOrth,,,8-260-178-1,{},,forcado,43265,35586,38927
,StandardOrth,,,8-260-178-3,{},,forquilha,43266,35586,39783
,StandardOrth,,,8-270-178-1,{},,ancinho,43267,35587,38642
,StandardOrth,,,8-310-178-1,{},,semear,43268,35588,39437
,StandardOrth,,,8-311-178-1,{},,semente,43269,35589,39764
,StandardOrth,,,8-320-178-1,{},,ceifar,43270,35590,39907
,StandardOrth,,,8-320-178-3,{},,segar,43271,35590,39310
,StandardOrth,,,8-330-178-1,{},,foice,43272,35591,38981
,StandardOrth,,,8-330-178-3,{},,gadanha,43273,35591,39798
,StandardOrth,,,8-340-178-1,{},,debulhar,43274,35592,39748
,StandardOrth,,,8-350-178-1,{},,eira,43275,35593,38579
,StandardOrth,,,8-410-178-1,{},,colheita,43276,35594,39289
,StandardOrth,,,8-420-178-1,{},,grão,43277,35595,38741
,StandardOrth,,,8-430-178-1,{},,trigo,43278,35596,39695
,StandardOrth,,,8-440-178-1,{},,cevada,43279,35597,40053
,StandardOrth,,,8-450-178-1,{},,centeio,43280,35598,38970
,StandardOrth,,,8-460-178-1,{},,aveia,43281,35599,39466
,StandardOrth,,,8-470-178-1,{},,milho,43282,35600,39529
,StandardOrth,,,8-480-178-1,{},,arroz,43283,35601,39342
,StandardOrth,,,8-510-178-1,{},,erva,43284,35602,40054
,StandardOrth,,,8-510-178-3,{},,grama,43285,35602,39769
,StandardOrth,,,8-510-178-5,{},,relva,43286,35602,39496
,StandardOrth,,,8-520-178-1,{},,palha,43287,35603,39527
,StandardOrth,,,8-520-178-3,{},,feno,43288,35603,39195
,StandardOrth,,,8-530-178-1,{},,planta,43289,35604,39657
,StandardOrth,,,8-531-178-1,{},,plantar,43290,35605,38844
,StandardOrth,,,8-531-178-3,{},,semear,43291,35605,39437
,StandardOrth,,,8-540-178-1,{},,raiz,43292,35606,38884
,StandardOrth,,,8-550-178-1,{},,ramo,43293,35607,40001
,StandardOrth,,,8-550-178-3,{},,galho,43294,35607,39433
,StandardOrth,,,8-560-178-1,{},,folha,43295,35608,38690
,StandardOrth,,,8-570-178-1,{},,flor,43296,35609,38770
,StandardOrth,,,8-600-178-1,{},,árvore,43297,35610,39560
,StandardOrth,,,8-610-178-1,{},,carvalho,43298,35611,39525
,StandardOrth,,,8-620-178-1,{},,faia,43299,35612,38808
,StandardOrth,,,8-630-178-1,{},,bétula,43300,35613,39169
,StandardOrth,,,8-640-178-1,{},,pinheiro,43301,35614,40015
,StandardOrth,,,8-650-178-1,{},,abeto,43302,35615,38718
,StandardOrth,,,8-660-178-1,{},,bolota,43303,35616,39298
,StandardOrth,,,8-670-178-1,{},,vinha,43304,35617,39030
,StandardOrth,,,8-680-178-1,{},,tabaco,43305,35618,38693
,StandardOrth,,,8-690-178-1,{},,fumar,43306,35619,40064
,StandardOrth,,,8-691-178-1,{},,cachimbo,43307,35620,39612
,StandardOrth,,,8-720-178-1,{},,toco,43308,35621,40124
,StandardOrth,,,8-730-178-1,{},,tronco,43309,35622,39873
,StandardOrth,,,8-740-178-1,{},,rama bifurcada,43310,35623,39774
,StandardOrth,,,8-750-178-1,{},,casca,43311,35624,38820
,StandardOrth,,,8-760-178-1,{},,seiva,43312,35625,39781
,StandardOrth,,,8-810-178-1,{},,palmeira,43313,35626,39357
,StandardOrth,,,8-820-178-1,{},,coco,43314,35627,39262
,StandardOrth,,,8-830-178-1,{},,fruta cítrica,43315,35628,39687
,StandardOrth,,,8-840-178-1,{},,bananeira,43316,35629,39685
,StandardOrth,,,8-850-178-1,{},,baniana,43317,35630,39148
,StandardOrth,,,8-910-178-1,{},,batata doce,43318,35631,38684
,StandardOrth,,,8-912-178-1,{},,inhame,43319,35632,40142
,StandardOrth,,,8-912-178-3,{},,cará,43320,35632,38570
,StandardOrth,,,8-920-178-1,{},,mandioca,43321,35633,40076
,StandardOrth,,,8-930-178-1,{},,cabaça,43322,35634,39264
,StandardOrth,,,8-931-178-1,{},,abóbora,43323,35635,39658
,StandardOrth,,,8-940-178-1,{},,bambu,43324,35636,38995
,StandardOrth,,,8-941-178-1,{},,cana de açúcar,43325,35637,39569
,StandardOrth,,,8-960-178-1,{},,raízes venenosas,43326,35638,39275
,StandardOrth,,,8-970-178-1,{},,urtiga,43327,35639,40028
,StandardOrth,,,8-980-178-1,{},,cogumelo,43328,35640,39351
,StandardOrth,,,9-110-178-1,{},,fazer,43329,35641,39134
,StandardOrth,,,9-120-178-1,{},,trabalhar,43330,35642,39993
,StandardOrth,,,9-140-178-1,{},,dobrar,43331,35643,39944
,StandardOrth,,,9-140-178-3,{},,curvar,43332,35643,38865
,StandardOrth,,,9-150-178-1,{},,dobrar,43333,35644,39944
,StandardOrth,,,9-160-178-1,{},,amarrar,43334,35645,39548
,StandardOrth,,,9-160-178-3,{},,atar,43335,35645,39095
,StandardOrth,,,9-161-178-1,{},,desatar,43336,35646,38784
,StandardOrth,,,9-180-178-1,{},,cadeia,43337,35647,39763
,StandardOrth,,,9-190-178-1,{},,corda,43338,35648,39250
,StandardOrth,,,9-190-178-3,{},,cordel,43339,35648,38761
,StandardOrth,,,9-192-178-1,{},,nó,43340,35649,39055
,StandardOrth,,,9-210-178-1,{},,bater,43341,35650,38715
,StandardOrth,,,9-210-178-3,{},,golpear,43342,35650,40101
,StandardOrth,,,9-211-178-1,{},,bater com o punho,43343,35651,40036
,StandardOrth,,,9-220-178-1,{},,cortar,43344,35652,39624
,StandardOrth,,,9-221-178-1,{},,derrubar,43345,35653,39305
,StandardOrth,,,9-222-178-1,{},,abater,43346,35654,38733
,StandardOrth,,,9-222-178-3,{},,cortar,43347,35654,39624
,StandardOrth,,,9-223-178-1,{},,apunhalar,43348,35655,38909
,StandardOrth,,,9-230-178-1,{},,faca,43349,35656,39962
,StandardOrth,,,9-240-178-1,{},,tesoura,43350,35657,38862
,StandardOrth,,,9-250-178-1,{},,machado,43351,35658,39571
,StandardOrth,,,9-251-178-1,{},,enxó,43352,35659,38736
,StandardOrth,,,9-260-178-1,{},,romper,43353,35660,38661
,StandardOrth,,,9-260-178-3,{},,quebrar,43354,35660,39948
,StandardOrth,,,9-261-178-1,{},,partido,43355,35661,39254
,StandardOrth,,,9-261-178-3,{},,quebrado,43356,35661,39465
,StandardOrth,,,9-270-178-1,{},,fender,43357,35662,39271
,StandardOrth,,,9-270-178-3,{},,partir,43358,35662,39981
,StandardOrth,,,9-280-178-1,{},,romper,43359,35663,38661
,StandardOrth,,,9-280-178-3,{},,rasgar,43360,35663,38926
,StandardOrth,,,9-290-178-1,{},,esfolar,43361,35664,39716
,StandardOrth,,,9-310-178-1,{},,esfregar,43362,35665,39326
,StandardOrth,,,9-320-178-1,{},,esticar,43363,35666,39554
,StandardOrth,,,9-330-178-1,{},,puxar,43364,35667,38840
,StandardOrth,,,9-340-178-1,{},,estender,43365,35668,38643
,StandardOrth,,,9-340-178-3,{},,espalhar,43366,35668,40117
,StandardOrth,,,9-341-178-1,{},,pendurar,43367,35669,38630
,StandardOrth,,,9-342-178-1,{},,comprimir,43368,35670,39650
,StandardOrth,,,9-342-178-3,{},,apertar,43369,35670,39980
,StandardOrth,,,9-343-178-1,{},,espremer,43370,35671,40014
,StandardOrth,,,9-343-178-3,{},,comprimir,43371,35671,39650
,StandardOrth,,,9-350-178-1,{},,verter,43372,35672,39385
,StandardOrth,,,9-350-178-3,{},,despejar,43373,35672,38896
,StandardOrth,,,9-360-178-1,{},,lavar,43374,35673,38941
,StandardOrth,,,9-370-178-1,{},,varrer,43375,35674,39073
,StandardOrth,,,9-380-178-1,{},,vassoura,43376,35675,38681
,StandardOrth,,,9-422-178-1,{},,ferramenta,43377,35676,39490
,StandardOrth,,,9-430-178-1,{},,carpinteiro,43378,35677,39883
,StandardOrth,,,9-440-178-1,{},,construir,43379,35678,39077
,StandardOrth,,,9-460-178-1,{},,perfurar,43380,35679,39434
,StandardOrth,,,9-461-178-1,{},,esburacar,43381,35680,39937
,StandardOrth,,,9-461-178-3,{},,cavar,43382,35680,39952
,StandardOrth,,,9-480-178-1,{},,serra,43383,35681,39881
,StandardOrth,,,9-490-178-1,{},,martelo,43384,35682,39684
,StandardOrth,,,9-500-178-1,{},,prego,43385,35683,38737
,StandardOrth,,,9-560-178-1,{},,cola,43386,35684,39107
,StandardOrth,,,9-600-178-1,{},,ferreiro,43387,35685,39401
,StandardOrth,,,9-610-178-1,{},,forja,43388,35686,39473
,StandardOrth,,,9-620-178-1,{},,bigorna,43389,35687,38727
,StandardOrth,,,9-630-178-1,{},,fundir,43390,35688,40148
,StandardOrth,,,9-640-178-1,{},,ouro,43391,35689,39109
,StandardOrth,,,9-650-178-1,{},,prata,43392,35690,38599
,StandardOrth,,,9-660-178-1,{},,cobre,43393,35691,39192
,StandardOrth,,,9-660-178-3,{},,bronze,43394,35691,39623
,StandardOrth,,,9-670-178-1,{},,ferro,43395,35692,39072
,StandardOrth,,,9-680-178-1,{},,chumbo,43396,35693,39747
,StandardOrth,,,9-690-178-1,{},,estanho,43397,35694,39149
,StandardOrth,,,9-710-178-1,{},,oleiro,43398,35695,38714
,StandardOrth,,,9-720-178-1,{},,moldar,43399,35696,38682
,StandardOrth,,,9-720-178-3,{},,amoldar,43400,35696,38688
,StandardOrth,,,9-730-178-1,{},,barro,43401,35697,39252
,StandardOrth,,,9-730-178-3,{},,argila,43402,35697,40067
,StandardOrth,,,9-740-178-1,{},,vidro,43403,35698,38749
,StandardOrth,,,9-750-178-1,{},,tecer,43404,35699,38851
,StandardOrth,,,9-760-178-1,{},,cesto,43405,35700,40069
,StandardOrth,,,9-760-178-3,{},,cesta,43406,35700,40068
,StandardOrth,,,9-770-178-1,{},,tapete,43407,35701,38760
,StandardOrth,,,9-771-178-1,{},,tapete,43408,35702,38760
,StandardOrth,,,9-771-178-3,{},,carpete,43409,35702,39380
,StandardOrth,,,9-780-178-1,{},,saco,43410,35703,39920
,StandardOrth,,,9-790-178-1,{},,ventilador,43411,35704,39411
,StandardOrth,,,9-791-178-1,{},,ventilar,43412,35705,38943
,StandardOrth,,,9-791-178-3,{},,abanar,43413,35705,39678
,StandardOrth,,,9-810-178-1,{},,esculpir,43414,35706,39292
,StandardOrth,,,9-820-178-1,{},,escultor,43415,35707,39064
,StandardOrth,,,9-830-178-1,{},,estátua,43416,35708,39505
,StandardOrth,,,9-840-178-1,{},,cinzel,43417,35709,39778
,StandardOrth,,,9-880-178-1,{},,tinta,43418,35710,38958
,StandardOrth,,,9-890-178-1,{},,pintar,43419,35711,39039
,StandardOrth,,,10-110-178-1,{},,mover,43420,35712,39379
,StandardOrth,,,10-120-178-1,{},,virar,43421,35713,39338
,StandardOrth,,,10-130-178-1,{},,voltar,43422,35714,39484
,StandardOrth,,,10-130-178-3,{},,dar a volta,43423,35714,39143
,StandardOrth,,,10-140-178-1,{},,envolver,43424,35715,39526
,StandardOrth,,,10-140-178-3,{},,enrolar,43425,35715,38922
,StandardOrth,,,10-150-178-1,{},,rolar,43426,35716,39213
,StandardOrth,,,10-160-178-1,{},,deixar cair,43427,35717,39990
,StandardOrth,,,10-170-178-1,{},,torcer,43428,35718,38905
,StandardOrth,,,10-210-178-1,{},,subir,43429,35719,39519
,StandardOrth,,,10-220-178-1,{},,levantar,43430,35720,38997
,StandardOrth,,,10-220-178-3,{},,içar,43431,35720,39718
,StandardOrth,,,10-230-178-1,{},,cair,43432,35721,39912
,StandardOrth,,,10-240-178-1,{},,gotejar,43433,35722,40140
,StandardOrth,,,10-240-178-3,{},,escorrer,43434,35722,40032
,StandardOrth,,,10-250-178-1,{},,atirar,43435,35723,40026
,StandardOrth,,,10-250-178-3,{},,arremessar,43436,35723,39655
,StandardOrth,,,10-250-178-5,{},,lançar,43437,35723,38828
,StandardOrth,,,10-252-178-1,{},,apanhar,43438,35724,39693
,StandardOrth,,,10-252-178-3,{},,agarrar,43439,35724,38878
,StandardOrth,,,10-260-178-1,{},,agitar,43440,35725,39388
,StandardOrth,,,10-320-178-1,{},,fluir,43441,35726,38794
,StandardOrth,,,10-330-178-1,{},,afundar,43442,35727,38945
,StandardOrth,,,10-340-178-1,{},,flutuar,43443,35728,38729
,StandardOrth,,,10-350-178-1,{},,nadar,43444,35729,39613
,StandardOrth,,,10-351-178-1,{},,mergulhar,43445,35730,39163
,StandardOrth,,,10-352-178-1,{},,chapinhar,43446,35731,39760
,StandardOrth,,,10-360-178-1,{},,navegar,43447,35732,39116
,StandardOrth,,,10-370-178-1,{},,voar,43448,35733,39698
,StandardOrth,,,10-380-178-1,{},,soprar,43449,35734,39951
,StandardOrth,,,10-410-178-1,{},,rastejar,43450,35735,39185
,StandardOrth,,,10-410-178-3,{},,arrastar-se,43451,35735,39641
,StandardOrth,,,10-412-178-1,{},,ajoelhar,43452,35736,39982
,StandardOrth,,,10-413-178-1,{},,agachar-se,43453,35737,39236
,StandardOrth,,,10-420-178-1,{},,escorregar,43454,35738,40059
,StandardOrth,,,10-420-178-3,{},,resvalar,43455,35738,39827
,StandardOrth,,,10-430-178-1,{},,saltar,43456,35739,39033
,StandardOrth,,,10-431-178-1,{},,dar um pontapé,43457,35740,39922
,StandardOrth,,,10-431-178-3,{},,chutar,43458,35740,39586
,StandardOrth,,,10-440-178-1,{},,dançar,43459,35741,38895
,StandardOrth,,,10-450-178-1,{},,andar,43460,35742,39637
,StandardOrth,,,10-450-178-3,{},,caminhar,43461,35742,39765
,StandardOrth,,,10-451-178-1,{},,coxear,43462,35743,39891
,StandardOrth,,,10-460-178-1,{},,correr,43463,35744,39398
,StandardOrth,,,10-470-178-1,{},,ir,43464,35745,38869
,StandardOrth,,,10-471-178-1,{},,subir,43465,35746,39519
,StandardOrth,,,10-472-178-1,{},,trepar,43466,35747,39261
,StandardOrth,,,10-473-178-1,{},,descer,43467,35748,39212
,StandardOrth,,,10-473-178-3,{},,baixar,43468,35748,39476
,StandardOrth,,,10-474-178-1,{},,sair,43469,35749,38815
,StandardOrth,,,10-480-178-1,{},,vir,43470,35750,39454
,StandardOrth,,,10-481-178-1,{},,voltar,43471,35751,39484
,StandardOrth,,,10-481-178-3,{},,regressar,43472,35751,38774
,StandardOrth,,,10-490-178-1,{},,partir,43473,35752,39981
,StandardOrth,,,10-490-178-3,{},,ir-se embora,43474,35752,39400
,StandardOrth,,,10-491-178-1,{},,desaparecer,43475,35753,38893
,StandardOrth,,,10-510-178-1,{},,escapar,43476,35754,39114
,StandardOrth,,,10-510-178-3,{},,fugir,43477,35754,39375
,StandardOrth,,,10-520-178-1,{},,seguir,43478,35755,38959
,StandardOrth,,,10-530-178-1,{},,perseguir,43479,35756,40111
,StandardOrth,,,10-550-178-1,{},,chegar,43480,35757,39643
,StandardOrth,,,10-560-178-1,{},,aproximar,43481,35758,39029
,StandardOrth,,,10-570-178-1,{},,entrar,43482,35759,38713
,StandardOrth,,,10-610-178-1,{},,levar,43483,35760,39474
,StandardOrth,,,10-612-178-1,{},,levar na mão,43484,35761,39663
,StandardOrth,,,10-613-178-1,{},,levar no ombro,43485,35762,39370
,StandardOrth,,,10-614-178-1,{},,levar na cabeça,43486,35763,38946
,StandardOrth,,,10-615-178-1,{},,levar debaixo do braço,43487,35764,39831
,StandardOrth,,,10-620-178-1,{},,trazer,43488,35765,39076
,StandardOrth,,,10-630-178-1,{},,enviar,43489,35766,39939
,StandardOrth,,,10-630-178-3,{},,mandar,43490,35766,39689
,StandardOrth,,,10-640-178-1,{},,conduzir,43491,35767,39083
,StandardOrth,,,10-640-178-3,{},,guiar,43492,35767,39088
,StandardOrth,,,10-650-178-1,{},,dirigir,43493,35768,39420
,StandardOrth,,,10-660-178-1,{},,montar,43494,35769,39723
,StandardOrth,,,10-670-178-1,{},,empurrar,43495,35770,39297
,StandardOrth,,,10-710-178-1,{},,estrada,43496,35771,38730
,StandardOrth,,,10-710-178-3,{},,caminho,43497,35771,39851
,StandardOrth,,,10-720-178-1,{},,caminho,43498,35772,39851
,StandardOrth,,,10-720-178-3,{},,vereda,43499,35772,39909
,StandardOrth,,,10-740-178-1,{},,ponte,43500,35773,39478
,StandardOrth,,,10-750-178-1,{},,carruagem,43501,35774,39472
,StandardOrth,,,10-750-178-3,{},,carroça,43502,35774,38601
,StandardOrth,,,10-760-178-1,{},,roda,43503,35775,39849
,StandardOrth,,,10-770-178-1,{},,eixo,43504,35776,39726
,StandardOrth,,,10-780-178-1,{},,jugo,43505,35777,39154
,StandardOrth,,,10-780-178-3,{},,canga,43506,35777,38892
,StandardOrth,,,10-810-178-1,{},,navio,43507,35778,38712
,StandardOrth,,,10-830-178-1,{},,bote,43508,35779,39627
,StandardOrth,,,10-830-178-3,{},,barco,43509,35779,39355
,StandardOrth,,,10-831-178-1,{},,canoa,43510,35780,39455
,StandardOrth,,,10-832-178-1,{},,jangada,43511,35781,39057
,StandardOrth,,,10-840-178-1,{},,balsa,43512,35782,40145
,StandardOrth,,,10-850-178-1,{},,remo,43513,35783,38866
,StandardOrth,,,10-851-178-1,{},,remo,43514,35784,38866
,StandardOrth,,,10-852-178-1,{},,remar,43515,35785,39090
,StandardOrth,,,10-860-178-1,{},,leme,43516,35786,39850
,StandardOrth,,,10-870-178-1,{},,mastro,43517,35787,39743
,StandardOrth,,,10-880-178-1,{},,vela,43518,35788,39803
,StandardOrth,,,10-890-178-1,{},,âncora,43519,35789,38801
,StandardOrth,,,10-910-178-1,{},,pôrto,43520,35790,39483
,StandardOrth,,,10-920-178-1,{},,desembarcar,43521,35791,38619
,StandardOrth,,,11-110-178-1,{},,ter,43522,35792,39429
,StandardOrth,,,11-120-178-1,{},,possuir,43523,35793,38581
,StandardOrth,,,11-130-178-1,{},,tomar,43524,35794,39588
,StandardOrth,,,11-140-178-1,{},,agarrar,43525,35795,38878
,StandardOrth,,,11-150-178-1,{},,segurar,43526,35796,39226
,StandardOrth,,,11-150-178-3,{},,agarrar,43527,35796,38878
,StandardOrth,,,11-160-178-1,{},,obter,43528,35797,40105
,StandardOrth,,,11-160-178-3,{},,conseguir,43529,35797,40000
,StandardOrth,,,11-170-178-1,{},,guardar,43530,35798,39651
,StandardOrth,,,11-170-178-3,{},,conservar,43531,35798,40079
,StandardOrth,,,11-180-178-1,{},,coisa,43532,35799,40131
,StandardOrth,,,11-210-178-1,{},,dar,43533,35800,39885
,StandardOrth,,,11-220-178-1,{},,restituir,43534,35801,39662
,StandardOrth,,,11-220-178-3,{},,devolver,43535,35801,39281
,StandardOrth,,,11-240-178-1,{},,cuidar de,43536,35802,39802
,StandardOrth,,,11-240-178-3,{},,preservar,43537,35802,39826
,StandardOrth,,,11-250-178-1,{},,salvar,43538,35803,38748
,StandardOrth,,,11-270-178-1,{},,destruir,43539,35804,38632
,StandardOrth,,,11-280-178-1,{},,danificar,43540,35805,39852
,StandardOrth,,,11-280-178-3,{},,ferir,43541,35805,39414
,StandardOrth,,,11-280-178-5,{},,estragar,43542,35805,40083
,StandardOrth,,,11-310-178-1,{},,buscar,43543,35806,39253
,StandardOrth,,,11-310-178-3,{},,procurar,43544,35806,39368
,StandardOrth,,,11-320-178-1,{},,achar,43545,35807,39234
,StandardOrth,,,11-320-178-3,{},,encontrar,43546,35807,38863
,StandardOrth,,,11-330-178-1,{},,perder,43547,35808,39078
,StandardOrth,,,11-340-178-1,{},,largar,43548,35809,39392
,StandardOrth,,,11-340-178-3,{},,soltar,43549,35809,39087
,StandardOrth,,,11-430-178-1,{},,dinheiro,43550,35810,39225
,StandardOrth,,,11-440-178-1,{},,moeda,43551,35811,38952
,StandardOrth,,,11-510-178-1,{},,rico,43552,35812,38786
,StandardOrth,,,11-520-178-1,{},,pobre,43553,35813,38689
,StandardOrth,,,11-530-178-1,{},,mendigo,43554,35814,39523
,StandardOrth,,,11-540-178-1,{},,avarento,43555,35815,39532
,StandardOrth,,,11-610-178-1,{},,emprestar,43556,35816,39115
,StandardOrth,,,11-620-178-1,{},,pedir emprestado,43557,35817,39592
,StandardOrth,,,11-630-178-1,{},,dever,43558,35818,39884
,StandardOrth,,,11-640-178-1,{},,dívida,43559,35819,39044
,StandardOrth,,,11-650-178-1,{},,pagar,43560,35820,39615
,StandardOrth,,,11-660-178-1,{},,conta,43561,35821,39447
,StandardOrth,,,11-690-178-1,{},,imposto,43562,35822,39761
,StandardOrth,,,11-690-178-3,{},,taxa,43563,35822,39294
,StandardOrth,,,11-770-178-1,{},,alugar,43564,35823,39776
,StandardOrth,,,11-780-178-1,{},,salário,43565,35824,39000
,StandardOrth,,,11-790-178-1,{},,ganhar,43566,35825,38972
,StandardOrth,,,11-810-178-1,{},,comprar,43567,35826,38799
,StandardOrth,,,11-820-178-1,{},,vender,43568,35827,39233
,StandardOrth,,,11-830-178-1,{},,trocar,43569,35828,39846
,StandardOrth,,,11-840-178-1,{},,negociante,43570,35829,38621
,StandardOrth,,,11-850-178-1,{},,mercado,43571,35830,38961
,StandardOrth,,,11-860-178-1,{},,loja,43572,35831,39301
,StandardOrth,,,11-870-178-1,{},,preço,43573,35832,39805
,StandardOrth,,,11-880-178-1,{},,caro,43574,35833,39140
,StandardOrth,,,11-890-178-1,{},,barato,43575,35834,38676
,StandardOrth,,,11-910-178-1,{},,distribuir,43576,35835,39136
,StandardOrth,,,11-910-178-3,{},,compartilhar,43577,35835,39349
,StandardOrth,,,11-920-178-1,{},,pesar,43578,35836,39824
,StandardOrth,,,12-10-178-1,{},,depois,43579,35837,38886
,StandardOrth,,,12-11-178-1,{},,atrás,43580,35838,39117
,StandardOrth,,,12-20-178-1,{},,ao lado de,43581,35839,39260
,StandardOrth,,,12-30-178-1,{},,debaixo,43582,35840,39735
,StandardOrth,,,12-30-178-3,{},,abaixo,43583,35840,38639
,StandardOrth,,,12-40-178-1,{},,antes,43584,35841,38899
,StandardOrth,,,12-40-178-3,{},,perante,43585,35841,39848
,StandardOrth,,,12-41-178-1,{},,frente,43586,35842,39991
,StandardOrth,,,12-50-178-1,{},,dentro,43587,35843,39502
,StandardOrth,,,12-60-178-1,{},,fora,43588,35844,38956
,StandardOrth,,,12-70-178-1,{},,debaixo,43589,35845,39735
,StandardOrth,,,12-80-178-1,{},,em cima,43590,35846,40016
,StandardOrth,,,12-80-178-3,{},,sôbre,43591,35846,38662
,StandardOrth,,,12-110-178-1,{},,espaço,43592,35847,38891
,StandardOrth,,,12-110-178-3,{},,lugar,43593,35847,39954
,StandardOrth,,,12-120-178-1,{},,pôr,43594,35848,39061
,StandardOrth,,,12-130-178-1,{},,sentar-se,43595,35849,40114
,StandardOrth,,,12-140-178-1,{},,deitar-se,43596,35850,39170
,StandardOrth,,,12-150-178-1,{},,estar em pé,43597,35851,40109
,StandardOrth,,,12-150-178-3,{},,ficar em pé,43598,35851,39536
,StandardOrth,,,12-160-178-1,{},,ficar,43599,35852,39515
,StandardOrth,,,12-170-178-1,{},,restos,43600,35853,38633
,StandardOrth,,,12-210-178-1,{},,colecionar,43601,35854,39425
,StandardOrth,,,12-210-178-3,{},,reunir,43602,35854,40066
,StandardOrth,,,12-212-178-1,{},,captar,43603,35855,38756
,StandardOrth,,,12-213-178-1,{},,empilhar,43604,35856,39816
,StandardOrth,,,12-220-178-1,{},,juntar,43605,35857,39636
,StandardOrth,,,12-220-178-3,{},,unir,43606,35857,38620
,StandardOrth,,,12-230-178-1,{},,separar,43607,35858,39399
,StandardOrth,,,12-232-178-1,{},,dividir,43608,35859,38809
,StandardOrth,,,12-240-178-1,{},,abrir,43609,35860,38734
,StandardOrth,,,12-240-178-3,{},,aberto,43610,35860,38848
,StandardOrth,,,12-250-178-1,{},,fechar,43611,35861,38592
,StandardOrth,,,12-260-178-1,{},,cobrir,43612,35862,38870
,StandardOrth,,,12-270-178-1,{},,esconder,43613,35863,38645
,StandardOrth,,,12-310-178-1,{},,alto,43614,35864,39045
,StandardOrth,,,12-310-178-3,{},,elevado,43615,35864,39450
,StandardOrth,,,12-320-178-1,{},,baixo,43616,35865,38957
,StandardOrth,,,12-330-178-1,{},,cume,43617,35866,39358
,StandardOrth,,,12-330-178-3,{},,topo,43618,35866,38881
,StandardOrth,,,12-340-178-1,{},,fundo,43619,35867,40118
,StandardOrth,,,12-350-178-1,{},,extremidade,43620,35868,39356
,StandardOrth,,,12-350-178-3,{},,fim,43621,35868,39263
,StandardOrth,,,12-350-178-5,{},,ponta,43622,35868,39477
,StandardOrth,,,12-352-178-1,{},,afiado,43623,35869,39558
,StandardOrth,,,12-352-178-3,{},,agudo,43624,35869,39901
,StandardOrth,,,12-353-178-1,{},,beira,43625,35870,39738
,StandardOrth,,,12-353-178-3,{},,borda,43626,35870,39870
,StandardOrth,,,12-360-178-1,{},,lado,43627,35871,39312
,StandardOrth,,,12-370-178-1,{},,meio,43628,35872,39593
,StandardOrth,,,12-370-178-3,{},,centro,43629,35872,39955
,StandardOrth,,,12-410-178-1,{},,direita,43630,35873,39566
,StandardOrth,,,12-420-178-1,{},,esquerda,43631,35874,40074
,StandardOrth,,,12-430-178-1,{},,perto,43632,35875,39307
,StandardOrth,,,12-430-178-3,{},,próximo,43633,35875,38954
,StandardOrth,,,12-440-178-1,{},,longe,43634,35876,38750
,StandardOrth,,,12-450-178-1,{},,leste,43635,35877,38739
,StandardOrth,,,12-450-178-3,{},,este,43636,35877,38745
,StandardOrth,,,12-460-178-1,{},,oeste,43637,35878,38964
,StandardOrth,,,12-470-178-1,{},,norte,43638,35879,40116
,StandardOrth,,,12-480-178-1,{},,sul,43639,35880,39435
,StandardOrth,,,12-530-178-1,{},,crescer,43640,35881,38742
,StandardOrth,,,12-540-178-1,{},,medir,43641,35882,39277
,StandardOrth,,,12-541-178-1,{},,palmo,43642,35883,38992
,StandardOrth,,,12-541-178-3,{},,braça,43643,35883,38990
,StandardOrth,,,12-550-178-1,{},,grande,43644,35884,39503
,StandardOrth,,,12-560-178-1,{},,pequeno,43645,35885,39065
,StandardOrth,,,12-570-178-1,{},,comprido,43646,35886,39995
,StandardOrth,,,12-580-178-1,{},,alto,43647,35887,39045
,StandardOrth,,,12-590-178-1,{},,curto,43648,35888,39600
,StandardOrth,,,12-610-178-1,{},,largo,43649,35889,39423
,StandardOrth,,,12-620-178-1,{},,estreito,43650,35890,40122
,StandardOrth,,,12-630-178-1,{},,grosso,43651,35891,39983
,StandardOrth,,,12-650-178-1,{},,fino,43652,35892,39584
,StandardOrth,,,12-650-178-3,{},,delgado,43653,35892,39979
,StandardOrth,,,12-670-178-1,{},,fundo,43654,35893,40118
,StandardOrth,,,12-680-178-1,{},,raso,43655,35894,39971
,StandardOrth,,,12-680-178-3,{},,baixo,43656,35894,38957
,StandardOrth,,,12-710-178-1,{},,plano,43657,35895,39494
,StandardOrth,,,12-710-178-3,{},,chato,43658,35895,39366
,StandardOrth,,,12-730-178-1,{},,direito,43659,35896,39562
,StandardOrth,,,12-730-178-3,{},,reto,43660,35896,39642
,StandardOrth,,,12-740-178-1,{},,torcido,43661,35897,39746
,StandardOrth,,,12-740-178-3,{},,torto,43662,35897,39671
,StandardOrth,,,12-750-178-1,{},,gancho,43663,35898,39842
,StandardOrth,,,12-760-178-1,{},,esquina,43664,35899,39556
,StandardOrth,,,12-760-178-3,{},,canto,43665,35899,38673
,StandardOrth,,,12-770-178-1,{},,cruz,43666,35900,40072
,StandardOrth,,,12-780-178-1,{},,quadrado,43667,35901,38582
,StandardOrth,,,12-810-178-1,{},,redondo,43668,35902,39923
,StandardOrth,,,12-820-178-1,{},,círculo,43669,35903,39032
,StandardOrth,,,12-820-178-3,{},,roda,43670,35903,39849
,StandardOrth,,,12-830-178-1,{},,esfera,43671,35904,39344
,StandardOrth,,,12-830-178-3,{},,bola,43672,35904,38934
,StandardOrth,,,12-840-178-1,{},,linha,43673,35905,38605
,StandardOrth,,,12-850-178-1,{},,buraco,43674,35906,39925
,StandardOrth,,,12-920-178-1,{},,parecido,43675,35907,40136
,StandardOrth,,,12-930-178-1,{},,mudar,43676,35908,39042
,StandardOrth,,,13-0-178-1,{},,zero,43677,35909,39426
,StandardOrth,,,13-0-178-3,{},,nada,43678,35909,39882
,StandardOrth,,,13-10-178-1,{},,um,43679,35910,39754
,StandardOrth,,,13-10-178-3,{},,uma,43680,35910,38933
,StandardOrth,,,13-20-178-1,{},,dois,43681,35911,38763
,StandardOrth,,,13-20-178-3,{},,duas,43682,35911,40030
,StandardOrth,,,13-30-178-1,{},,três,43683,35912,38640
,StandardOrth,,,13-40-178-1,{},,quatro,43684,35913,39256
,StandardOrth,,,13-50-178-1,{},,cinco,43685,35914,39649
,StandardOrth,,,13-60-178-1,{},,seis,43686,35915,40120
,StandardOrth,,,13-70-178-1,{},,sete,43687,35916,40045
,StandardOrth,,,13-80-178-1,{},,oito,43688,35917,39390
,StandardOrth,,,13-90-178-1,{},,nove,43689,35918,38949
,StandardOrth,,,13-100-178-1,{},,dez,43690,35919,39011
,StandardOrth,,,13-101-178-1,{},,onze,43691,35920,39168
,StandardOrth,,,13-102-178-1,{},,doze,43692,35921,39347
,StandardOrth,,,13-103-178-1,{},,quinze,43693,35922,40084
,StandardOrth,,,13-104-178-1,{},,vinte,43694,35923,38921
,StandardOrth,,,13-105-178-1,{},,cento,43695,35924,39666
,StandardOrth,,,13-105-178-3,{},,cem,43696,35924,39514
,StandardOrth,,,13-106-178-1,{},,mil,43697,35925,39947
,StandardOrth,,,13-107-178-1,{},,contar,43698,35926,39223
,StandardOrth,,,13-140-178-1,{},,cada,43699,35927,39543
,StandardOrth,,,13-140-178-3,{},,tudo,43700,35927,39972
,StandardOrth,,,13-150-178-1,{},,muito,43701,35928,38930
,StandardOrth,,,13-150-178-3,{},,muitos,43702,35928,39069
,StandardOrth,,,13-160-178-1,{},,mais,43703,35929,39110
,StandardOrth,,,13-170-178-1,{},,pouco,43704,35930,38631
,StandardOrth,,,13-170-178-3,{},,poucos,43705,35930,39775
,StandardOrth,,,13-180-178-1,{},,bastante,43706,35931,39860
,StandardOrth,,,13-180-178-3,{},,suficiente,43707,35931,39537
,StandardOrth,,,13-181-178-1,{},,alguns,43708,35932,39188
,StandardOrth,,,13-190-178-1,{},,multidão,43709,35933,39721
,StandardOrth,,,13-210-178-1,{},,cheio,43710,35934,40097
,StandardOrth,,,13-220-178-1,{},,vazio,43711,35935,40002
,StandardOrth,,,13-230-178-1,{},,parte,43712,35936,40035
,StandardOrth,,,13-230-178-3,{},,pedaço,43713,35936,39035
,StandardOrth,,,13-230-178-5,{},,peça,43714,35936,38701
,StandardOrth,,,13-240-178-1,{},,metade,43715,35937,38867
,StandardOrth,,,13-330-178-1,{},,só,43716,35938,38796
,StandardOrth,,,13-330-178-3,{},,somente,43717,35938,39528
,StandardOrth,,,13-340-178-1,{},,primeiro,43718,35939,39093
,StandardOrth,,,13-350-178-1,{},,último,43719,35940,39690
,StandardOrth,,,13-360-178-1,{},,segundo,43720,35941,38731
,StandardOrth,,,13-370-178-1,{},,par,43721,35942,39270
,StandardOrth,,,13-380-178-1,{},,duas vezes,43722,35943,39551
,StandardOrth,,,13-420-178-1,{},,terceiro,43723,35944,39953
,StandardOrth,,,13-440-178-1,{},,três vezes,43724,35945,39208
,StandardOrth,,,14-110-178-1,{},,tempo,43725,35946,39903
,StandardOrth,,,14-120-178-1,{},,idade,43726,35947,39725
,StandardOrth,,,14-130-178-1,{},,novo,43727,35948,38948
,StandardOrth,,,14-140-178-1,{},,jovem,43728,35949,38793
,StandardOrth,,,14-140-178-3,{},,novo,43729,35949,38948
,StandardOrth,,,14-150-178-1,{},,velho,43730,35950,39403
,StandardOrth,,,14-160-178-1,{},,cedo,43731,35951,38928
,StandardOrth,,,14-170-178-1,{},,tarde,43732,35952,38979
,StandardOrth,,,14-180-178-1,{},,agora,43733,35953,39372
,StandardOrth,,,14-190-178-1,{},,de imediato,43734,35954,39054
,StandardOrth,,,14-210-178-1,{},,rápido,43735,35955,39913
,StandardOrth,,,14-210-178-3,{},,ligeiro,43736,35955,38965
,StandardOrth,,,14-220-178-1,{},,vagaroso,43737,35956,38807
,StandardOrth,,,14-220-178-3,{},,devagar,43738,35956,39394
,StandardOrth,,,14-230-178-1,{},,apressar,43739,35957,39299
,StandardOrth,,,14-240-178-1,{},,demorar,43740,35958,39511
,StandardOrth,,,14-240-178-3,{},,atrasar,43741,35958,39788
,StandardOrth,,,14-250-178-1,{},,começar,43742,35959,38746
,StandardOrth,,,14-252-178-1,{},,durar,43743,35960,39654
,StandardOrth,,,14-252-178-3,{},,suportar,43744,35960,39917
,StandardOrth,,,14-260-178-1,{},,fim,43745,35961,39263
,StandardOrth,,,14-270-178-1,{},,completar,43746,35962,39518
,StandardOrth,,,14-270-178-3,{},,acabar,43747,35962,39244
,StandardOrth,,,14-280-178-1,{},,parar,43748,35963,39790
,StandardOrth,,,14-280-178-3,{},,cessar,43749,35963,39603
,StandardOrth,,,14-290-178-1,{},,pronto,43750,35964,39510
,StandardOrth,,,14-310-178-1,{},,sempre,43751,35965,40144
,StandardOrth,,,14-320-178-1,{},,amiúde,43752,35966,39159
,StandardOrth,,,14-330-178-1,{},,às vezes,43753,35967,39102
,StandardOrth,,,14-331-178-1,{},,em breve,43754,35968,38902
,StandardOrth,,,14-332-178-1,{},,por muito tempo,43755,35969,39673
,StandardOrth,,,14-340-178-1,{},,nunca,43756,35970,38704
,StandardOrth,,,14-340-178-3,{},,jamais,43757,35970,39708
,StandardOrth,,,14-350-178-1,{},,outra vez,43758,35971,38711
,StandardOrth,,,14-350-178-3,{},,de novo,43759,35971,39124
,StandardOrth,,,14-410-178-1,{},,dia,43760,35972,39019
,StandardOrth,,,14-420-178-1,{},,noite,43761,35973,39079
,StandardOrth,,,14-430-178-1,{},,alvorada,43762,35974,38987
,StandardOrth,,,14-430-178-3,{},,amanhecer,43763,35974,38773
,StandardOrth,,,14-440-178-1,{},,manhã,43764,35975,38831
,StandardOrth,,,14-450-178-1,{},,meio dia,43765,35976,40121
,StandardOrth,,,14-451-178-1,{},,tarde,43766,35977,38979
,StandardOrth,,,14-460-178-1,{},,noite,43767,35978,39079
,StandardOrth,,,14-460-178-3,{},,tardinha,43768,35978,38975
,StandardOrth,,,14-470-178-1,{},,hoje,43769,35979,39333
,StandardOrth,,,14-480-178-1,{},,amanhã,43770,35980,39445
,StandardOrth,,,14-481-178-1,{},,depois de amanhã,43771,35981,39150
,StandardOrth,,,14-490-178-1,{},,ontem,43772,35982,39058
,StandardOrth,,,14-491-178-1,{},,anteontem,43773,35983,39279
,StandardOrth,,,14-510-178-1,{},,hora,43774,35984,38589
,StandardOrth,,,14-530-178-1,{},,relógio,43775,35985,38604
,StandardOrth,,,14-610-178-1,{},,semana,43776,35986,39053
,StandardOrth,,,14-620-178-1,{},,domingo,43777,35987,38993
,StandardOrth,,,14-630-178-1,{},,segunda-feira,43778,35988,38974
,StandardOrth,,,14-640-178-1,{},,terça-feira,43779,35989,39629
,StandardOrth,,,14-650-178-1,{},,quarta-feira,43780,35990,38587
,StandardOrth,,,14-660-178-1,{},,quinta-feira,43781,35991,39785
,StandardOrth,,,14-670-178-1,{},,sexta-feira,43782,35992,39495
,StandardOrth,,,14-680-178-1,{},,sábado,43783,35993,38914
,StandardOrth,,,14-710-178-1,{},,mês,43784,35994,38871
,StandardOrth,,,14-730-178-1,{},,ano,43785,35995,39165
,StandardOrth,,,14-740-178-1,{},,inverno,43786,35996,38629
,StandardOrth,,,14-750-178-1,{},,primavera,43787,35997,38735
,StandardOrth,,,14-760-178-1,{},,verão,43788,35998,39139
,StandardOrth,,,14-770-178-1,{},,outono,43789,35999,39777
,StandardOrth,,,14-780-178-1,{},,estação,43790,36000,39487
,StandardOrth,,,15-210-178-1,{},,cheirar,43791,36001,38740
,StandardOrth,,,15-212-178-1,{},,fungar,43792,36002,38783
,StandardOrth,,,15-212-178-3,{},,farejar,43793,36002,38616
,StandardOrth,,,15-220-178-1,{},,cheirar,43794,36003,38740
,StandardOrth,,,15-250-178-1,{},,cheiroso,43795,36004,39704
,StandardOrth,,,15-250-178-3,{},,fragante,43796,36004,38920
,StandardOrth,,,15-260-178-1,{},,fedorento,43797,36005,39811
,StandardOrth,,,15-260-178-3,{},,mal cheiroso,43798,36005,38937
,StandardOrth,,,15-310-178-1,{},,sabor,43799,36006,39142
,StandardOrth,,,15-310-178-3,{},,gosto,43800,36006,39865
,StandardOrth,,,15-350-178-1,{},,doce,43801,36007,39889
,StandardOrth,,,15-360-178-1,{},,salgado,43802,36008,40011
,StandardOrth,,,15-370-178-1,{},,amargo,43803,36009,39733
,StandardOrth,,,15-380-178-1,{},,ácido,43804,36010,38738
,StandardOrth,,,15-380-178-3,{},,azedo,43805,36010,39446
,StandardOrth,,,15-390-178-1,{},,salobre,43806,36011,38897
,StandardOrth,,,15-410-178-1,{},,ouvir,43807,36012,39196
,StandardOrth,,,15-420-178-1,{},,escutar,43808,36013,39436
,StandardOrth,,,15-440-178-1,{},,ruído,43809,36014,39430
,StandardOrth,,,15-440-178-3,{},,barulho,43810,36014,39070
,StandardOrth,,,15-450-178-1,{},,ruidoso,43811,36015,39175
,StandardOrth,,,15-450-178-3,{},,barulhento,43812,36015,38977
,StandardOrth,,,15-460-178-1,{},,quieto,43813,36016,39444
,StandardOrth,,,15-510-178-1,{},,ver,43814,36017,39007
,StandardOrth,,,15-520-178-1,{},,olhar para,43815,36018,39736
,StandardOrth,,,15-520-178-3,{},,fitar,43816,36018,39987
,StandardOrth,,,15-550-178-1,{},,mostrar,43817,36019,39714
,StandardOrth,,,15-560-178-1,{},,brilhar,43818,36020,40113
,StandardOrth,,,15-570-178-1,{},,claro,43819,36021,39820
,StandardOrth,,,15-570-178-3,{},,brilhante,43820,36021,38780
,StandardOrth,,,15-610-178-1,{},,cor,43821,36022,38826
,StandardOrth,,,15-620-178-1,{},,claro,43822,36023,39820
,StandardOrth,,,15-630-178-1,{},,escuro,43823,36024,39969
,StandardOrth,,,15-640-178-1,{},,branco,43824,36025,40133
,StandardOrth,,,15-650-178-1,{},,preto,43825,36026,38811
,StandardOrth,,,15-650-178-3,{},,negro,43826,36026,39928
,StandardOrth,,,15-660-178-1,{},,vermelho,43827,36027,39895
,StandardOrth,,,15-670-178-1,{},,azul,43828,36028,39479
,StandardOrth,,,15-680-178-1,{},,verde,43829,36029,39187
,StandardOrth,,,15-690-178-1,{},,amarelo,43830,36030,38834
,StandardOrth,,,15-710-178-1,{},,tocar,43831,36031,39729
,StandardOrth,,,15-712-178-1,{},,beliscar,43832,36032,40130
,StandardOrth,,,15-720-178-1,{},,sentir,43833,36033,38657
,StandardOrth,,,15-740-178-1,{},,duro,43834,36034,40125
,StandardOrth,,,15-750-178-1,{},,macio,43835,36035,38913
,StandardOrth,,,15-750-178-3,{},,mole,43836,36035,38978
,StandardOrth,,,15-760-178-1,{},,áspero,43837,36036,40129
,StandardOrth,,,15-770-178-1,{},,liso,43838,36037,39422
,StandardOrth,,,15-770-178-3,{},,macio,43839,36037,38913
,StandardOrth,,,15-780-178-1,{},,agudo,43840,36038,39901
,StandardOrth,,,15-780-178-3,{},,afiado,43841,36038,39558
,StandardOrth,,,15-790-178-1,{},,embotado,43842,36039,38857
,StandardOrth,,,15-790-178-3,{},,rombudo,43843,36039,40039
,StandardOrth,,,15-810-178-1,{},,pesado,43844,36040,38747
,StandardOrth,,,15-820-178-1,{},,leve,43845,36041,39097
,StandardOrth,,,15-830-178-1,{},,molhado,43846,36042,39034
,StandardOrth,,,15-830-178-3,{},,úmido,43847,36042,39363
,StandardOrth,,,15-840-178-1,{},,seco,43848,36043,39500
,StandardOrth,,,15-850-178-1,{},,quente,43849,36044,39336
,StandardOrth,,,15-851-178-1,{},,quente,43850,36045,39336
,StandardOrth,,,15-851-178-3,{},,cálido,43851,36045,39683
,StandardOrth,,,15-860-178-1,{},,frio,43852,36046,39179
,StandardOrth,,,15-870-178-1,{},,limpo,43853,36047,39135
,StandardOrth,,,15-880-178-1,{},,sujo,43854,36048,39868
,StandardOrth,,,15-890-178-1,{},,enrugado,43855,36049,38860
,StandardOrth,,,16-110-178-1,{},,alma,43856,36050,39418
,StandardOrth,,,16-110-178-3,{},,espírito,43857,36050,38652
,StandardOrth,,,16-150-178-1,{},,surpreso,43858,36051,39448
,StandardOrth,,,16-150-178-3,{},,espantado,43859,36051,38789
,StandardOrth,,,16-180-178-1,{},,boa sorte,43860,36052,38814
,StandardOrth,,,16-190-178-1,{},,infortúnio,43861,36053,39864
,StandardOrth,,,16-190-178-3,{},,má sorte,43862,36053,39956
,StandardOrth,,,16-190-178-5,{},,azar,43863,36053,38823
,StandardOrth,,,16-230-178-1,{},,feliz,43864,36054,39374
,StandardOrth,,,16-230-178-3,{},,contente,43865,36054,39644
,StandardOrth,,,16-230-178-5,{},,alegre,43866,36054,38649
,StandardOrth,,,16-250-178-1,{},,rir,43867,36055,38628
,StandardOrth,,,16-251-178-1,{},,sorrir,43868,36056,39111
,StandardOrth,,,16-260-178-1,{},,jogar,43869,36057,39911
,StandardOrth,,,16-260-178-3,{},,brincar,43870,36057,40115
,StandardOrth,,,16-270-178-1,{},,amar,43871,36058,39573
,StandardOrth,,,16-290-178-1,{},,beijar,43872,36059,40005
,StandardOrth,,,16-300-178-1,{},,abraçar,43873,36060,40021
,StandardOrth,,,16-310-178-1,{},,dor,43874,36061,38775
,StandardOrth,,,16-320-178-1,{},,tristeza,43875,36062,39409
,StandardOrth,,,16-320-178-3,{},,dor,43876,36062,38775
,StandardOrth,,,16-330-178-1,{},,ansiedade,43877,36063,39984
,StandardOrth,,,16-330-178-3,{},,preocupação,43878,36063,39659
,StandardOrth,,,16-340-178-1,{},,ter pena,43879,36064,38617
,StandardOrth,,,16-350-178-1,{},,pena,43880,36065,39512
,StandardOrth,,,16-350-178-3,{},,compaixão,43881,36065,39249
,StandardOrth,,,16-370-178-1,{},,chorar,43882,36066,39037
,StandardOrth,,,16-380-178-1,{},,lágrima,43883,36067,39606
,StandardOrth,,,16-390-178-1,{},,gemer,43884,36068,39553
,StandardOrth,,,16-410-178-1,{},,odiar,43885,36069,39897
,StandardOrth,,,16-420-178-1,{},,raiva,43886,36070,39843
,StandardOrth,,,16-420-178-3,{},,ira,43887,36070,38817
,StandardOrth,,,16-440-178-1,{},,inveja,43888,36071,40103
,StandardOrth,,,16-440-178-3,{},,ciúme,43889,36071,39050
,StandardOrth,,,16-450-178-1,{},,vergonha,43890,36072,39155
,StandardOrth,,,16-480-178-1,{},,orgulhoso,43891,36073,38608
,StandardOrth,,,16-510-178-1,{},,ousar,43892,36074,38703
,StandardOrth,,,16-520-178-1,{},,corajoso,43893,36075,40070
,StandardOrth,,,16-520-178-3,{},,bravo,43894,36075,39023
,StandardOrth,,,16-530-178-1,{},,medo,43895,36076,39717
,StandardOrth,,,16-530-178-3,{},,susto,43896,36076,39329
,StandardOrth,,,16-540-178-1,{},,perigo,43897,36077,40146
,StandardOrth,,,16-620-178-1,{},,desejo,43898,36078,39269
,StandardOrth,,,16-622-178-1,{},,escolher,43899,36079,39742
,StandardOrth,,,16-630-178-1,{},,esperança,43900,36080,38686
,StandardOrth,,,16-650-178-1,{},,leal,43901,36081,40082
,StandardOrth,,,16-660-178-1,{},,verdadeiro,43902,36082,39258
,StandardOrth,,,16-670-178-1,{},,mentir,43903,36083,38594
,StandardOrth,,,16-680-178-1,{},,engano,43904,36084,39231
,StandardOrth,,,16-690-178-1,{},,perdoar,43905,36085,38950
,StandardOrth,,,16-710-178-1,{},,bom,43906,36086,39049
,StandardOrth,,,16-720-178-1,{},,mau,43907,36087,39092
,StandardOrth,,,16-730-178-1,{},,correto,43908,36088,39243
,StandardOrth,,,16-740-178-1,{},,errado,43909,36089,39265
,StandardOrth,,,16-760-178-1,{},,falta,43910,36090,39863
,StandardOrth,,,16-760-178-3,{},,culpa,43911,36090,39047
,StandardOrth,,,16-770-178-1,{},,erro,43912,36091,38940
,StandardOrth,,,16-780-178-1,{},,culpa,43913,36092,39047
,StandardOrth,,,16-790-178-1,{},,elogiar,43914,36093,39373
,StandardOrth,,,16-810-178-1,{},,bonito,43915,36094,38724
,StandardOrth,,,16-810-178-3,{},,belo,43916,36094,39634
,StandardOrth,,,16-820-178-1,{},,feio,43917,36095,39346
,StandardOrth,,,16-830-178-1,{},,cobiçoso,43918,36096,40092
,StandardOrth,,,16-830-178-3,{},,ávido,43919,36096,39321
,StandardOrth,,,16-840-178-1,{},,esperto,43920,36097,39280
,StandardOrth,,,16-840-178-3,{},,hábil,43921,36097,39337
,StandardOrth,,,17-110-178-1,{},,mente,43922,36098,39391
,StandardOrth,,,17-130-178-1,{},,pensar,43923,36099,39973
,StandardOrth,,,17-140-178-1,{},,achar,43924,36100,39234
,StandardOrth,,,17-140-178-3,{},,acreditar,43925,36100,38802
,StandardOrth,,,17-150-178-1,{},,crer,43926,36101,38675
,StandardOrth,,,17-160-178-1,{},,compreender,43927,36102,39332
,StandardOrth,,,17-170-178-1,{},,saber,43928,36103,38627
,StandardOrth,,,17-171-178-1,{},,adivinhar,43929,36104,40019
,StandardOrth,,,17-171-178-3,{},,conjeturar,43930,36104,39353
,StandardOrth,,,17-172-178-1,{},,imitar,43931,36105,39491
,StandardOrth,,,17-180-178-1,{},,parecer,43932,36106,39620
,StandardOrth,,,17-190-178-1,{},,idéia,43933,36107,39255
,StandardOrth,,,17-210-178-1,{},,sábio,43934,36108,38650
,StandardOrth,,,17-220-178-1,{},,tolo,43935,36109,38595
,StandardOrth,,,17-230-178-1,{},,louco,43936,36110,38935
,StandardOrth,,,17-230-178-3,{},,maluco,43937,36110,38702
,StandardOrth,,,17-240-178-1,{},,aprender,43938,36111,38910
,StandardOrth,,,17-242-178-1,{},,estudar,43939,36112,38674
,StandardOrth,,,17-250-178-1,{},,ensinar,43940,36113,39648
,StandardOrth,,,17-260-178-1,{},,aluno,43941,36114,38976
,StandardOrth,,,17-270-178-1,{},,professor,43942,36115,38771
,StandardOrth,,,17-280-178-1,{},,escola,43943,36116,39808
,StandardOrth,,,17-310-178-1,{},,lembrar-se,43944,36117,39929
,StandardOrth,,,17-320-178-1,{},,esquecer-se,43945,36118,38885
,StandardOrth,,,17-340-178-1,{},,claro,43946,36119,39820
,StandardOrth,,,17-340-178-3,{},,evidente,43947,36119,39782
,StandardOrth,,,17-350-178-1,{},,obscuro,43948,36120,39599
,StandardOrth,,,17-360-178-1,{},,segredo,43949,36121,39906
,StandardOrth,,,17-370-178-1,{},,seguro,43950,36122,38971
,StandardOrth,,,17-370-178-3,{},,certo,43951,36122,39580
,StandardOrth,,,17-380-178-1,{},,explicar,43952,36123,39958
,StandardOrth,,,17-410-178-1,{},,intenção,43953,36124,38969
,StandardOrth,,,17-420-178-1,{},,causa,43954,36125,39899
,StandardOrth,,,17-430-178-1,{},,duvidar,43955,36126,39712
,StandardOrth,,,17-440-178-1,{},,suspeitar,43956,36127,39096
,StandardOrth,,,17-441-178-1,{},,trair,43957,36128,39838
,StandardOrth,,,17-450-178-1,{},,precisar,43958,36129,38575
,StandardOrth,,,17-450-178-3,{},,necessidade,43959,36129,39950
,StandardOrth,,,17-460-178-1,{},,fácil,43960,36130,39531
,StandardOrth,,,17-470-178-1,{},,difícil,43961,36131,38792
,StandardOrth,,,17-480-178-1,{},,tentar,43962,36132,39572
,StandardOrth,,,17-480-178-3,{},,provar,43963,36132,39424
,StandardOrth,,,17-490-178-1,{},,maneira,43964,36133,38931
,StandardOrth,,,17-510-178-1,{},,e,43965,36134,39773
,StandardOrth,,,17-520-178-1,{},,porque,43966,36135,39591
,StandardOrth,,,17-530-178-1,{},,se,43967,36136,39101
,StandardOrth,,,17-540-178-1,{},,ou,43968,36137,39348
,StandardOrth,,,17-550-178-1,{},,sim,43969,36138,39862
,StandardOrth,,,17-550-178-3,{},,afirmativo,43970,36138,39230
,StandardOrth,,,17-560-178-1,{},,não,43971,36139,39530
,StandardOrth,,,17-560-178-3,{},,negativo,43972,36139,38622
,StandardOrth,,,17-610-178-1,{},,como?,43973,36140,40088
,StandardOrth,,,17-620-178-1,{},,quantos?,43974,36141,39618
,StandardOrth,,,17-630-178-1,{},,quanto?,43975,36142,38806
,StandardOrth,,,17-640-178-1,{},,que?,43976,36143,39604
,StandardOrth,,,17-650-178-1,{},,quando?,43977,36144,39996
,StandardOrth,,,17-660-178-1,{},,onde?,43978,36145,40086
,StandardOrth,,,17-670-178-1,{},,qual?,43979,36146,38613
,StandardOrth,,,17-680-178-1,{},,quem?,43980,36147,39696
,StandardOrth,,,17-690-178-1,{},,por quê?,43981,36148,38996
,StandardOrth,,,18-110-178-1,{},,voz,43982,36149,39667
,StandardOrth,,,18-120-178-1,{},,cantar,43983,36150,39653
,StandardOrth,,,18-130-178-1,{},,gritar,43984,36151,39886
,StandardOrth,,,18-150-178-1,{},,cochichar,43985,36152,39274
,StandardOrth,,,18-160-178-1,{},,murmurar,43986,36153,39103
,StandardOrth,,,18-170-178-1,{},,assobiar,43987,36154,38578
,StandardOrth,,,18-180-178-1,{},,guinchar,43988,36155,39768
,StandardOrth,,,18-190-178-1,{},,uivar,43989,36156,38812
,StandardOrth,,,18-210-178-1,{},,falar,43990,36157,38830
,StandardOrth,,,18-211-178-1,{},,gaguejar,43991,36158,39419
,StandardOrth,,,18-220-178-1,{},,dizer,43992,36159,39638
,StandardOrth,,,18-221-178-1,{},,contar,43993,36160,39223
,StandardOrth,,,18-221-178-3,{},,relatar,43994,36160,39074
,StandardOrth,,,18-222-178-1,{},,discursar,43995,36161,39587
,StandardOrth,,,18-230-178-1,{},,ficar em silêncio,43996,36162,39517
,StandardOrth,,,18-240-178-1,{},,língua,43997,36163,38778
,StandardOrth,,,18-260-178-1,{},,palavra,43998,36164,39787
,StandardOrth,,,18-280-178-1,{},,nome,43999,36165,39547
,StandardOrth,,,18-310-178-1,{},,perguntar,44000,36166,39322
,StandardOrth,,,18-320-178-1,{},,responder,44001,36167,39758
,StandardOrth,,,18-330-178-1,{},,admitir,44002,36168,39268
,StandardOrth,,,18-330-178-3,{},,confessar,44003,36168,39607
,StandardOrth,,,18-340-178-1,{},,negar,44004,36169,38915
,StandardOrth,,,18-350-178-1,{},,pedir,44005,36170,39384
,StandardOrth,,,18-360-178-1,{},,prometer,44006,36171,40143
,StandardOrth,,,18-370-178-1,{},,recusar,44007,36172,38670
,StandardOrth,,,18-380-178-1,{},,proibir,44008,36173,39240
,StandardOrth,,,18-390-178-1,{},,repreender,44009,36174,40057
,StandardOrth,,,18-410-178-1,{},,chamar,44010,36175,40024
,StandardOrth,,,18-420-178-1,{},,nomear,44011,36176,39896
,StandardOrth,,,18-420-178-3,{},,chamar-se,44012,36176,38697
,StandardOrth,,,18-430-178-1,{},,anunciar,44013,36177,39828
,StandardOrth,,,18-440-178-1,{},,ameaçar,44014,36178,40061
,StandardOrth,,,18-450-178-1,{},,jactar-se,44015,36179,40051
,StandardOrth,,,18-450-178-3,{},,gabar-se,44016,36179,39123
,StandardOrth,,,18-510-178-1,{},,escrever,44017,36180,39985
,StandardOrth,,,18-520-178-1,{},,ler,44018,36181,39628
,StandardOrth,,,18-560-178-1,{},,papel,44019,36182,39507
,StandardOrth,,,18-570-178-1,{},,caneta,44020,36183,39137
,StandardOrth,,,18-610-178-1,{},,livro,44021,36184,38879
,StandardOrth,,,18-670-178-1,{},,poeta,44022,36185,40089
,StandardOrth,,,18-710-178-1,{},,flauta,44023,36186,38791
,StandardOrth,,,18-720-178-1,{},,tambor,44024,36187,39963
,StandardOrth,,,18-730-178-1,{},,corneta,44025,36188,39998
,StandardOrth,,,18-730-178-3,{},,trombeta,44026,36188,38658
,StandardOrth,,,18-740-178-1,{},,guizo,44027,36189,39459
,StandardOrth,,,18-740-178-3,{},,matraca,44028,36189,38636
,StandardOrth,,,19-110-178-1,{},,país,44029,36190,39699
,StandardOrth,,,19-120-178-1,{},,pátria,44030,36191,39174
,StandardOrth,,,19-150-178-1,{},,cidade,44031,36192,38609
,StandardOrth,,,19-160-178-1,{},,aldeia,44032,36193,38767
,StandardOrth,,,19-170-178-1,{},,fronteira,44033,36194,39040
,StandardOrth,,,19-210-178-1,{},,povo,44034,36195,40128
,StandardOrth,,,19-230-178-1,{},,tribo,44035,36196,39350
,StandardOrth,,,19-230-178-3,{},,clã,44036,36196,39242
,StandardOrth,,,19-240-178-1,{},,chefe,44037,36197,39341
,StandardOrth,,,19-240-178-3,{},,cacique,44038,36197,39557
,StandardOrth,,,19-250-178-1,{},,bastão,44039,36198,40022
,StandardOrth,,,19-250-178-3,{},,bengala,44040,36198,38963
,StandardOrth,,,19-310-178-1,{},,governar,44041,36199,40056
,StandardOrth,,,19-320-178-1,{},,rei,44042,36200,39898
,StandardOrth,,,19-320-178-3,{},,governante,44043,36200,39770
,StandardOrth,,,19-330-178-1,{},,rainha,44044,36201,38598
,StandardOrth,,,19-360-178-1,{},,nobre,44045,36202,38795
,StandardOrth,,,19-370-178-1,{},,cidadão,44046,36203,39564
,StandardOrth,,,19-370-178-3,{},,súdito,44047,36203,39295
,StandardOrth,,,19-410-178-1,{},,senhor,44048,36204,39890
,StandardOrth,,,19-410-178-3,{},,patrão,44049,36204,38754
,StandardOrth,,,19-410-178-5,{},,dono,44050,36204,39545
,StandardOrth,,,19-420-178-1,{},,escravo,44051,36205,38585
,StandardOrth,,,19-430-178-1,{},,criado,44052,36206,39324
,StandardOrth,,,19-430-178-3,{},,servo,44053,36206,39568
,StandardOrth,,,19-440-178-1,{},,homem livre,44054,36207,38782
,StandardOrth,,,19-450-178-1,{},,mandar,44055,36208,39689
,StandardOrth,,,19-450-178-3,{},,dar ordem,44056,36208,38683
,StandardOrth,,,19-460-178-1,{},,obedecer,44057,36209,39320
,StandardOrth,,,19-470-178-1,{},,deixar,44058,36210,38717
,StandardOrth,,,19-470-178-3,{},,permitir,44059,36210,39706
,StandardOrth,,,19-510-178-1,{},,amigo,44060,36211,40009
,StandardOrth,,,19-510-178-3,{},,companheiro,44061,36211,38842
,StandardOrth,,,19-520-178-1,{},,inimigo,44062,36212,39661
,StandardOrth,,,19-540-178-1,{},,vizinho,44063,36213,39541
,StandardOrth,,,19-550-178-1,{},,estranho,44064,36214,39066
,StandardOrth,,,19-550-178-3,{},,forasteiro,44065,36214,39893
,StandardOrth,,,19-560-178-1,{},,convidado,44066,36215,38924
,StandardOrth,,,19-560-178-3,{},,hóspede,44067,36215,39927
,StandardOrth,,,19-570-178-1,{},,hospedeiro,44068,36216,39830
,StandardOrth,,,19-570-178-3,{},,anfitrião,44069,36216,39555
,StandardOrth,,,19-580-178-1,{},,ajudar,44070,36217,39692
,StandardOrth,,,19-590-178-1,{},,impedir,44071,36218,39656
,StandardOrth,,,19-590-178-3,{},,estorvar,44072,36218,39676
,StandardOrth,,,19-610-178-1,{},,costume,44073,36219,39875
,StandardOrth,,,19-610-178-3,{},,hábito,44074,36219,39900
,StandardOrth,,,19-620-178-1,{},,disputa,44075,36220,39068
,StandardOrth,,,19-620-178-3,{},,luta,44076,36220,39282
,StandardOrth,,,19-630-178-1,{},,conspiração,44077,36221,38919
,StandardOrth,,,19-650-178-1,{},,encontrar,44078,36222,38863
,StandardOrth,,,19-720-178-1,{},,prostituta,44079,36223,38766
,StandardOrth,,,20-110-178-1,{},,lutar,44080,36224,38894
,StandardOrth,,,20-130-178-1,{},,guerra,44081,36225,38805
,StandardOrth,,,20-130-178-3,{},,batalha,44082,36225,39731
,StandardOrth,,,20-140-178-1,{},,paz,44083,36226,39504
,StandardOrth,,,20-150-178-1,{},,exército,44084,36227,39121
,StandardOrth,,,20-170-178-1,{},,soldado,44085,36228,39303
,StandardOrth,,,20-210-178-1,{},,armas,44086,36229,39002
,StandardOrth,,,20-220-178-1,{},,porrete,44087,36230,38983
,StandardOrth,,,20-220-178-3,{},,cacete,44088,36230,38777
,StandardOrth,,,20-222-178-1,{},,machado,44089,36231,39571
,StandardOrth,,,20-222-178-3,{},,acha,44090,36231,39730
,StandardOrth,,,20-230-178-1,{},,funda,44091,36232,40119
,StandardOrth,,,20-230-178-3,{},,estilingue,44092,36232,39232
,StandardOrth,,,20-240-178-1,{},,arco,44093,36233,38655
,StandardOrth,,,20-250-178-1,{},,flecha,44094,36234,39056
,StandardOrth,,,20-260-178-1,{},,lança,44095,36235,38845
,StandardOrth,,,20-270-178-1,{},,espada,44096,36236,39304
,StandardOrth,,,20-280-178-1,{},,arma,44097,36237,38626
,StandardOrth,,,20-280-178-3,{},,pistola,44098,36237,40102
,StandardOrth,,,20-280-178-5,{},,canhão,44099,36237,39467
,StandardOrth,,,20-310-178-1,{},,armadura,44100,36238,39004
,StandardOrth,,,20-330-178-1,{},,elmo,44101,36239,38720
,StandardOrth,,,20-330-178-3,{},,capacete,44102,36239,39105
,StandardOrth,,,20-340-178-1,{},,escudo,44103,36240,40006
,StandardOrth,,,20-350-178-1,{},,fortaleza,44104,36241,39877
,StandardOrth,,,20-360-178-1,{},,torre,44105,36242,39463
,StandardOrth,,,20-410-178-1,{},,vitória,44106,36243,39415
,StandardOrth,,,20-420-178-1,{},,derrota,44107,36244,40141
,StandardOrth,,,20-430-178-1,{},,atacar,44108,36245,39804
,StandardOrth,,,20-440-178-1,{},,defender,44109,36246,39585
,StandardOrth,,,20-450-178-1,{},,retirar-se,44110,36247,38757
,StandardOrth,,,20-460-178-1,{},,capitular,44111,36248,39646
,StandardOrth,,,20-460-178-3,{},,render-se,44112,36248,39237
,StandardOrth,,,20-470-178-1,{},,cativo,44113,36249,38903
,StandardOrth,,,20-470-178-3,{},,prisioneiro,44114,36249,38876
,StandardOrth,,,20-471-178-1,{},,guarda,44115,36250,39967
,StandardOrth,,,20-471-178-3,{},,sentinela,44116,36250,39160
,StandardOrth,,,20-480-178-1,{},,pilhagem,44117,36251,39278
,StandardOrth,,,20-490-178-1,{},,emboscada,44118,36252,38568
,StandardOrth,,,20-510-178-1,{},,pescador,44119,36253,39887
,StandardOrth,,,20-520-178-1,{},,anzol,44120,36254,39918
,StandardOrth,,,20-530-178-1,{},,linha de pesca,44121,36255,38586
,StandardOrth,,,20-530-178-3,{},,corda,44122,36255,39250
,StandardOrth,,,20-540-178-1,{},,rede,44123,36256,39823
,StandardOrth,,,20-550-178-1,{},,nassa,44124,36257,39126
,StandardOrth,,,20-550-178-3,{},,armadilha de peixa,44125,36257,39438
,StandardOrth,,,20-560-178-1,{},,isca,44126,36258,40042
,StandardOrth,,,20-610-178-1,{},,caçar,44127,36259,38887
,StandardOrth,,,20-620-178-1,{},,disparar,44128,36260,39633
,StandardOrth,,,20-620-178-3,{},,fuzilar,44129,36260,39209
,StandardOrth,,,20-630-178-1,{},,falhar,44130,36261,39328
,StandardOrth,,,20-630-178-3,{},,errar,44131,36261,39622
,StandardOrth,,,20-630-178-5,{},,não acertar,44132,36261,40078
,StandardOrth,,,20-640-178-1,{},,cilada,44133,36262,38853
,StandardOrth,,,20-640-178-3,{},,armadilha,44134,36262,39413
,StandardOrth,,,20-650-178-1,{},,armar uma cilada,44135,36263,39938
,StandardOrth,,,20-650-178-3,{},,pegar em armadilha,44136,36263,38875
,StandardOrth,,,21-110-178-1,{},,lei,44137,36264,39614
,StandardOrth,,,21-150-178-1,{},,tribunal,44138,36265,39067
,StandardOrth,,,21-160-178-1,{},,julgar,44139,36266,39365
,StandardOrth,,,21-170-178-1,{},,julgamento,44140,36267,39853
,StandardOrth,,,21-180-178-1,{},,juiz,44141,36268,39383
,StandardOrth,,,21-210-178-1,{},,queixoso,44142,36269,39941
,StandardOrth,,,21-220-178-1,{},,réu,44143,36270,39578
,StandardOrth,,,21-220-178-3,{},,acusado,44144,36270,39595
,StandardOrth,,,21-230-178-1,{},,testemunha,44145,36271,40062
,StandardOrth,,,21-240-178-1,{},,jurar,44146,36272,38612
,StandardOrth,,,21-250-178-1,{},,juramento,44147,36273,38942
,StandardOrth,,,21-310-178-1,{},,acusar,44148,36274,39915
,StandardOrth,,,21-320-178-1,{},,condenar,44149,36275,38973
,StandardOrth,,,21-330-178-1,{},,sentenciar,44150,36276,38723
,StandardOrth,,,21-330-178-3,{},,condenar,44151,36276,38973
,StandardOrth,,,21-340-178-1,{},,absolver,44152,36277,39672
,StandardOrth,,,21-350-178-1,{},,culpado,44153,36278,39869
,StandardOrth,,,21-360-178-1,{},,inocente,44154,36279,39688
,StandardOrth,,,21-370-178-1,{},,punição,44155,36280,39968
,StandardOrth,,,21-370-178-3,{},,castigo,44156,36280,38829
,StandardOrth,,,21-380-178-1,{},,multa,44157,36281,40023
,StandardOrth,,,21-390-178-1,{},,prisão,44158,36282,39550
,StandardOrth,,,21-420-178-1,{},,assassinar,44159,36283,40031
,StandardOrth,,,21-430-178-1,{},,adultério,44160,36284,39682
,StandardOrth,,,21-440-178-1,{},,violação,44161,36285,40010
,StandardOrth,,,21-440-178-3,{},,estupro,44162,36285,39421
,StandardOrth,,,21-460-178-1,{},,incêndio culposo,44163,36286,39167
,StandardOrth,,,21-470-178-1,{},,perjúrio,44164,36287,40099
,StandardOrth,,,21-510-178-1,{},,roubar,44165,36288,39800
,StandardOrth,,,21-520-178-1,{},,ladrão,44166,36289,39686
,StandardOrth,,,22-110-178-1,{},,religião,44167,36290,39205
,StandardOrth,,,22-120-178-1,{},,Deus,44168,36291,39248
,StandardOrth,,,22-130-178-1,{},,templo,44169,36292,39719
,StandardOrth,,,22-130-178-3,{},,igreja,44170,36292,39934
,StandardOrth,,,22-140-178-1,{},,altar,44171,36293,39059
,StandardOrth,,,22-150-178-1,{},,sacrifício,44172,36294,39960
,StandardOrth,,,22-150-178-3,{},,oferenda,44173,36294,38986
,StandardOrth,,,22-160-178-1,{},,adorar,44174,36295,40047
,StandardOrth,,,22-170-178-1,{},,orar,44175,36296,39389
,StandardOrth,,,22-170-178-3,{},,rezar,44176,36296,39639
,StandardOrth,,,22-180-178-1,{},,sacerdote,44177,36297,38706
,StandardOrth,,,22-190-178-1,{},,santo,44178,36298,39728
,StandardOrth,,,22-190-178-3,{},,sagrado,44179,36298,39317
,StandardOrth,,,22-220-178-1,{},,pregar,44180,36299,39935
,StandardOrth,,,22-230-178-1,{},,abençoar,44181,36300,39755
,StandardOrth,,,22-240-178-1,{},,amaldiçoar,44182,36301,39063
,StandardOrth,,,22-260-178-1,{},,jejuar,44183,36302,40147
,StandardOrth,,,22-310-178-1,{},,céu,44184,36303,38936
,StandardOrth,,,22-320-178-1,{},,inferno,44185,36304,38726
,StandardOrth,,,22-350-178-1,{},,demônio,44186,36305,39427
,StandardOrth,,,22-370-178-1,{},,ídolo,44187,36306,38856
,StandardOrth,,,22-420-178-1,{},,magia,44188,36307,39799
,StandardOrth,,,22-420-178-3,{},,feitiçaria,44189,36307,38660
,StandardOrth,,,22-430-178-1,{},,feiticeiro,44190,36308,39197
,StandardOrth,,,22-430-178-3,{},,bruxo/ bruxa,44191,36308,38813
,StandardOrth,,,22-440-178-1,{},,fada,44192,36309,38677
,StandardOrth,,,22-450-178-1,{},,fantasma,44193,36310,39291
,StandardOrth,,,22-470-178-1,{},,agouro,44194,36311,39567
,StandardOrth,,,22-470-178-3,{},,presságio,44195,36311,39227
